epoch,variant_name,train_loss,train_ce,train_dice,train_focal_tversky,train_ordinal,train_aux,lambda_ft,lambda_ord,amc_p,selection_score,dice_c0,iou_c0,precision_c0,recall_c0,dice_c1,iou_c1,precision_c1,recall_c1,dice_c2,iou_c2,precision_c2,recall_c2,dice_c3,iou_c3,precision_c3,recall_c3,dice_c4,iou_c4,precision_c4,recall_c4,mean_dice_no_bg,mean_iou_no_bg,macro_precision_no_bg,macro_recall_no_bg,minority_dice_c2_c3_c4,ordinal_mae_fg,adjacent_error_rate_fg,distant_error_rate_fg,exact_rate_fg,weighted_kappa_fg,val_loss,epoch_seconds
1,amc_focal_tversky,1.9669768065214157,0.9467765519564803,0.8477374105290933,0.7793107120828195,0.18819722236896103,1.7246285649863156,0.0,0.0,0.25,0.37497799907269413,0.8722572719415421,0.7734541311946527,0.9729251863232729,0.7904680723714326,0.7374498771040355,0.5840955251839948,0.6130866042195915,0.9251054982390833,0.11385217681030495,0.06036227670520951,0.0678950305242005,0.35235836491279315,0.4827609645023646,0.3181838544933199,0.3565134927279215,0.7474433131504189,0.23135602953543433,0.1308098370271008,0.9012527421773175,0.1327119169971338,0.39135476198803487,0.2733628733524063,0.48468696741225775,0.5394047733248573,0.27598972361603463,0.1262074430972142,0.11941895052400356,0.0032955304220577044,0.8772855190539387,0.9197773630666286,1.5134519636631012,9.34053111076355
2,amc_focal_tversky,1.609538272023201,0.657778359610926,0.8012798760424961,0.7204076647758484,0.11375783544711092,1.5048003372820942,0.0,0.0,0.3348020552767931,0.4308298806650041,0.8894310011067527,0.8008786504873874,0.9824099191786678,0.8125301357472425,0.7534661758154134,0.6044490419730804,0.6232540082282593,0.9524563139119149,0.20107887967990135,0.11177748563212239,0.17207897423981044,0.24183444613439184,0.47750556209429945,0.31363369888637643,0.3178835912926995,0.9591155611180282,0.3408059023836434,0.20540448093038327,0.8303619931847119,0.21440138734809028,0.4432141299933144,0.3088161768554906,0.48589464173637026,0.5919519271281062,0.3397967813859481,0.10003610286159441,0.09754662195762186,0.001001488761925876,0.9014518892804523,0.9398757283544094,1.295010975816033,7.762007713317871
3,amc_focal_tversky,1.512208720499819,0.5874805331907489,0.7819410027428106,0.6952067742293532,0.09091200812889094,1.4278719059445641,0.0,0.0,0.40684269899960346,0.5798399190526591,0.87037479329738,0.7704987354505014,0.984610617093226,0.7798908295480689,0.7027999706884991,0.5417822655011161,0.5513944956505671,0.968826681261099,0.3154547771552114,0.18726405968637921,0.3070004228879748,0.32438795940636367,0.5438930168036229,0.37352545045124,0.41353587970889183,0.7942661059056254,0.706412461542173,0.5460878684594742,0.7329981718464016,0.6816877701694366,0.5671400565473765,0.4121649110245523,0.5012322425234588,0.6922921291856312,0.5219200851670024,0.0642454794135571,0.06315303935838906,0.00046698853109769414,0.9363799721105133,0.9654585098824462,1.2862750860777767,7.348499298095703
4,amc_focal_tversky,1.4378946599635212,0.5346331555734981,0.7681488685987212,0.6807232414456931,0.07051497475582767,1.3511262766339562,0.0,0.0,0.44245868196620297,0.5911142345438358,0.9130506012001319,0.8400120577905993,0.9768803151917255,0.8570506039865065,0.7903191684868129,0.653328669760109,0.6865526325636806,0.9310374918309368,0.332143532263612,0.19914395434422283,0.2920414548298597,0.3850119873166125,0.5457626482157714,0.37529131509802427,0.39676556855932665,0.8739603182656671,0.7040863078780607,0.543312654352146,0.7506304259946894,0.6629772728238458,0.5930779142110643,0.4427691483886255,0.5314975204868891,0.7132467675592655,0.5273308294524813,0.06006833842633208,0.05884562620333135,0.0004828045053903357,0.9406715692912783,0.9679236260902768,1.142120373519984,7.500525712966919
5,amc_focal_tversky,1.3942085694183002,0.5100373679941351,0.7507360408251936,0.6598721539432352,0.062060276829552924,1.334351503036239,0.0,0.0,0.4769925160757067,0.575755767583951,0.896810401597874,0.8129249975678031,0.9831836945367304,0.8243874559905968,0.7644301542945509,0.6186863146195505,0.6545123925280925,0.9187182189222396,0.3481298955691648,0.21074895334407404,0.24131211324462057,0.6246208312924283,0.5074178125563937,0.33995971332437286,0.3511864191398122,0.9140479653620737,0.6818775989728166,0.517309772173999,0.7513790103873125,0.6241451274923332,0.5754638653482315,0.4216761883654991,0.4995974838249594,0.7703830357672686,0.512475102366125,0.07901758555370532,0.07692502802566717,0.0007713063285165439,0.9223036656458163,0.9563154655980657,1.1471950276331468,7.148847341537476
6,amc_focal_tversky,1.3892983889037913,0.4806980478831313,0.7492165802554651,0.6592913320796057,0.0528162541132505,1.2641920325430958,0.05,0.0,0.5144974956024817,0.48136018712774165,0.9246913691293461,0.8599311328698663,0.9588657252010578,0.8928691570142386,0.8244109768965676,0.7012748168745305,0.8022957615122405,0.8477799604091082,0.3247244451658593,0.19383345278861208,0.2190421051368441,0.6274565406064442,0.4780726527616823,0.31412317652954375,0.32935920140540365,0.8716375950418176,0.3799340798983275,0.23451766695671464,0.8578793992377108,0.24399729671141357,0.5017855386806092,0.3609372782873502,0.5521441168230498,0.6477178481921958,0.3942437259419564,0.10096827032034422,0.09946213716025668,0.0005676255044687951,0.8999702373352745,0.9427828995838504,1.171259810978716,7.375570058822632
7,amc_focal_tversky,1.3698346736756237,0.4510152851316062,0.7327922453934496,0.6382362124594775,0.04665998305956071,1.2220351614735343,0.1,0.0,0.5756487504140904,0.43823244834067515,0.9275766036297821,0.8649350683408327,0.9583850269153694,0.8986872366120071,0.8234563461319219,0.6998944267173391,0.8065956487784697,0.8410369891196158,0.3128393529838669,0.18542357157105707,0.20472342740383434,0.6629458723242795,0.4823058777465664,0.31778859170282014,0.33784313252721043,0.8426073131955167,0.23437822687711188,0.1327454330507959,0.885375163689815,0.13506666836684242,0.4632449509348668,0.3339630057605031,0.5586343430998324,0.6204142107515637,0.3431744858691817,0.11621197367537439,0.11554672285272984,0.0003210832046202404,0.88413219394265,0.9335427153870612,1.2322394658218732,8.137544393539429
8,amc_focal_tversky,1.428025409579277,0.4699545780366117,0.7364537946202538,0.6439384597946297,0.04666190650525757,1.2502625997770915,0.15,0.0,0.6470138532402541,0.5804818236351674,0.9305794611089264,0.8701716745349616,0.9759466802566044,0.8892427061983326,0.8164470843508123,0.6898272764618936,0.7422919277486691,0.9070629043624867,0.4213715042834617,0.26692252510759445,0.3142054930439606,0.6394782294861661,0.447674660947255,0.2883897142466499,0.45138636823864364,0.44402349784075273,0.6693966400097976,0.5030775211740984,0.516302969082234,0.9515490778640215,0.5887224723978317,0.43705425924755903,0.5060466895283768,0.7355284273883568,0.5128142684135047,0.08131266199648354,0.08009998286774929,0.0005100199981525591,0.9193899971340982,0.9617652086771517,1.0795693045312709,7.577565431594849
9,amc_focal_tversky,1.4468221379951998,0.46386863460594957,0.7324027771299536,0.6376716765490446,0.046762434276223015,1.2301639569076626,0.2,0.0,0.6844509995575531,0.4864501186475346,0.922076227488707,0.8554187698639393,0.9726500018645967,0.8765017635549972,0.8142969410551989,0.6867629588304095,0.7390198249295252,0.9066488789063236,0.3631242435286384,0.22183983243262825,0.38112508972756987,0.3467470976944526,0.47147236841029755,0.3084487049278631,0.31081197542863065,0.9759421499095725,0.36901007323897983,0.22624914304148783,0.8154031742339377,0.23846320594722473,0.5044759065582787,0.3608251598080972,0.5615900160799159,0.6169503331143934,0.40120222839263864,0.09725815682204761,0.09551416633588236,0.0006675466326158104,0.9038182870315018,0.9438600964446788,1.1677330691706052,7.944323301315308
10,amc_focal_tversky,1.4778993292288347,0.4678569955920631,0.7267761359160597,0.6301254602995786,0.049560936268376696,1.2573483112183483,0.25,0.0,0.7442105538790253,0.5836487929764429,0.9235818559190055,0.8580140171341362,0.9811069042188286,0.8724289034783015,0.7989197697787711,0.6651676962758907,0.6887591341158668,0.9510278549497576,0.28131551531207594,0.16368072081779264,0.5590287539934674,0.18794737610956253,0.55254742661175,0.3817378453501428,0.4711551207614075,0.6679332649294851,0.717591848120363,0.5595658816333803,0.5844035054428285,0.9294084643535302,0.58759363995574,0.44253803601930164,0.5758366285783926,0.6840792400855839,0.5171515966813963,0.060457348397023304,0.059667292014845455,0.00035061903264053756,0.939982088952514,0.9707974298088319,1.0902247306975452,7.923164129257202
11,amc_focal_tversky,1.4644493826410987,0.44182635318826546,0.7171653874895789,0.6212813952429728,0.040629651315446776,1.1907321648164229,0.3,0.0,0.780780234542746,0.5507596403710847,0.9287765108673336,0.8670240340037098,0.978199850593223,0.8841071831814052,0.8199196209703535,0.6947998081660803,0.7377112269132862,0.9227479718443676,0.43534495343200386,0.2782370174096293,0.3296895244917758,0.6406554785044091,0.5375935080200995,0.3676088084731289,0.3832928828494156,0.8998372590362239,0.46094001016933966,0.29949450522721727,0.8661227169350231,0.3140320229184332,0.5634495231479492,0.41003503481901393,0.5792040877973751,0.6943181830758584,0.477959490540481,0.08659363629810932,0.0854348759444798,0.000433653722605777,0.9141314703329144,0.9494908910241141,1.1023752770640634,7.654144287109375
12,amc_focal_tversky,1.5031527687202801,0.4454498936168172,0.718564051118764,0.6226980411870913,0.04196682571306486,1.2119451266798107,0.35,0.0,0.8251883364346498,0.4996997605493638,0.9224795775584026,0.8561133119575763,0.9799636540858753,0.8713657864086082,0.8168098235906271,0.6903453391317024,0.737931314219763,0.914569427753265,0.36352572446231285,0.2221395899076209,0.25016087151942745,0.6647847868491261,0.49984298835239876,0.33319378203180766,0.3437914235660604,0.9153183220767357,0.3888233184441202,0.24132878963258184,0.8346467714616489,0.2534460553663996,0.5172504637123647,0.37175187517592817,0.5416325951917249,0.6870296480113817,0.41739734375294396,0.10160114363510474,0.10112787236932595,0.00021834307574169508,0.8986537845549324,0.9408621518388802,1.1917486800388857,9.321820259094238
13,amc_focal_tversky,1.5293664580041713,0.44882178475910967,0.7136372646147554,0.6172202182087031,0.03885074022929819,1.20019308951768,0.4,0.0,0.85,0.6515299057841761,0.9392260972759702,0.8854159164965041,0.9734847294387232,0.9072967364780956,0.8331859026914309,0.7140691088780111,0.7685414119948252,0.9097040358233942,0.444030732860507,0.2853724313442365,0.33838226882314587,0.6455964871576185,0.5998820906442459,0.42845112303454064,0.6133026009926252,0.5870363479875149,0.7447644223981038,0.5933264127367727,0.6208619789893863,0.9304498255188346,0.6554657871485718,0.5053047689983903,0.5852720651999956,0.7681966741218406,0.5962257486342856,0.05678811260118169,0.05537378129526917,0.0005170202096303684,0.9441091984951004,0.9715472045903333,1.0192751559344204,8.630846738815308
14,amc_focal_tversky,1.5491023185578259,0.43819382109425287,0.714482952925292,0.6177611388266087,0.03646299616825259,1.18433040515943,0.45,0.0,0.85,0.5443240267676951,0.933031116974438,0.8744689107789894,0.9653132038642839,0.9028383204884698,0.8299268171588694,0.7092947939749122,0.788773534082308,0.8756107231170338,0.4595548746827825,0.29832602741246517,0.4577117820549587,0.46141287068302256,0.5020919192344026,0.3351954139787922,0.3393758265009212,0.9645540408994364,0.4453140507585284,0.2864334439864182,0.8605874616395269,0.30037106461113444,0.5592219154586456,0.407312419838147,0.6116121510694287,0.6504871748276568,0.46898694822523784,0.08776185451900718,0.08709314594195922,0.00028231630489341435,0.9126245377531473,0.9516528319495875,1.109949697147716,7.409392356872559
15,amc_focal_tversky,1.5788389119234951,0.44707642089236865,0.70818734372204,0.6095378717238252,0.03993565212691796,1.1880620596083729,0.5,0.0,0.85,0.6749550209963884,0.9457567124993854,0.8970953134940727,0.9653840000577023,0.9269116097175066,0.8388262440378585,0.7223951107496503,0.8192466750247837,0.8593646108302949,0.47571200987885925,0.31208801287022714,0.3598019261099645,0.7017950899262972,0.6338448683459581,0.4639625864293644,0.5781861446510886,0.7013609354034622,0.7626377934178437,0.616341592915144,0.6654557432293122,0.8930585840038044,0.6777552289201298,0.5286968257410964,0.6056726222537872,0.7888948050409648,0.6240648905475537,0.05893177225145735,0.058702064411886294,0.00010601900287895013,0.9411919165852347,0.971895179918172,0.9872091954404657,7.454509258270264
16,amc_focal_tversky,1.5567905482920734,0.4241128441962329,0.7092435549605977,0.6132863296026533,0.03705740920717786,1.1679098430004986,0.5,0.0,0.85,0.6709522914691709,0.9369914381723773,0.8814523907139704,0.9760560236010538,0.9009334744616314,0.827843533911151,0.7062568503959444,0.7552646656797936,0.9158546614144357,0.46170778492488085,0.3001430940104799,0.38903870838581267,0.567760563017146,0.6468340586651283,0.47801532606343844,0.5402521872354015,0.8058045529885026,0.7513167000404992,0.6016871532316218,0.6906245099855779,0.8237039303945346,0.6719255193854148,0.5215256059253711,0.5937950178216465,0.7782809269536548,0.6199528478768361,0.05042212318104666,0.04949662408106788,0.000355110410107098,0.950148265508825,0.9740292692744479,1.001009607856924,7.699134826660156
17,amc_focal_tversky,1.5639705779877575,0.43374266661703587,0.7070731026205149,0.6104994578795,0.03660358517531263,1.179050806571137,0.5,0.0,0.85,0.6625867489909054,0.944432382308192,0.894715190651042,0.9636501746239216,0.9259661121783774,0.8347873819084279,0.7164249416348352,0.807445400206434,0.8640459914463154,0.4853852800841415,0.3204678217514657,0.381798838600983,0.6661081178623336,0.615982825384711,0.4450687727599435,0.660687001545101,0.5769449048547705,0.7274506260571872,0.5716482526750889,0.5895290417233835,0.9496151214141706,0.6659015283586169,0.5134024472053333,0.6098650705189753,0.7641785338943976,0.6096062438420132,0.06027394088539599,0.057916815511629756,0.0009133292318276838,0.9411698552565425,0.9705254417811244,1.0023505728353153,7.73371434211731
18,amc_focal_tversky,1.5613419738682834,0.4215475737371228,0.7133949080651457,0.6194058392535556,0.03604256679748439,1.1669657494534145,0.5,0.0,0.85,0.44890923031242347,0.9227028758450999,0.856498040472285,0.9752891713568165,0.875497229185855,0.8315979003241808,0.711739477834654,0.7686792319172576,0.9057349876645981,0.27207267087625603,0.15745608411334513,0.1647351008384289,0.780868414494704,0.46707633252387026,0.30469640624238287,0.34917335377926667,0.7051945562583595,0.32849039189454315,0.1965231849710184,0.8795956903252843,0.20195605880926928,0.4748093239047126,0.3426037882903501,0.5405458442150594,0.6484385043067328,0.3558797984315565,0.11714253991973578,0.11619070121945196,0.0003982787089605993,0.8834110200715874,0.9293855408207582,1.24003281918439,7.371171951293945
19,amc_focal_tversky,1.5384216416965832,0.4165054600347172,0.7038236538117583,0.6076089661907066,0.03428702489790422,1.1428805210373618,0.5,0.0,0.85,0.6043287694241688,0.9312900635900195,0.8714151818578737,0.9784597864583569,0.8884591058122772,0.8278325563485824,0.7062408709883651,0.7568079795012154,0.9135687476702133,0.44780656139272557,0.28849919749340375,0.34277541560975827,0.6456394524502552,0.5592472199222775,0.3881632072173468,0.3974734674481166,0.94308952256383,0.6159841876624231,0.4450701951316852,0.8232153014788948,0.4921047821854774,0.6127176313315021,0.45699336770770027,0.5800680410094963,0.748600626217444,0.5410126563258087,0.07354740546100448,0.07229760074299167,0.000467502140760431,0.9272348971162478,0.9590588622923295,1.0253781486641278,7.381723403930664
20,amc_focal_tversky,1.598403806036169,0.4576441432264718,0.711965723471208,0.6155607429417697,0.04110016568434234,1.2101356502283702,0.5,0.0,0.85,0.6239957082147236,0.9424849780770579,0.8912260899739106,0.9693570787651374,0.9170625634858787,0.8387900166409916,0.7223413755147376,0.7850882906219329,0.9003777923005452,0.41247335283325975,0.2598213728061832,0.37079190949603213,0.4647126051575138,0.595333419314466,0.42382543124498573,0.46880665550212375,0.81540363893302,0.6815407210785271,0.5169220862369308,0.7999049348001168,0.5936906264743509,0.6320343774668111,0.48072756645070935,0.6061479476050514,0.6935461657163575,0.5631158310754176,0.06560158903668294,0.06531950912429364,0.00012788701910332583,0.934552603856603,0.965158963294297,1.0472764332186093,7.247600555419922
21,amc_focal_tversky,1.5168802643364125,0.40082222020084207,0.7002032521096143,0.604543552141298,0.03124712774561803,1.1358301849527792,0.5,0.0,0.85,0.5695699200565856,0.9358826367224502,0.8794919329573495,0.9669453065553306,0.9067535976419773,0.8385969501785128,0.7220550611671022,0.8058103661359509,0.8741647166842259,0.4418513110278572,0.2835745485363989,0.35035011855198667,0.5980425012674248,0.5293595194424973,0.35995168529688726,0.36743719795484253,0.9464345446823188,0.5238686191776134,0.3548929492209251,0.8592670136767707,0.3767942227832661,0.5834190999566201,0.43011856105532836,0.5957161740798878,0.6988589963543088,0.4983598165493226,0.08184323577163527,0.08127134157899049,0.00023601335533950663,0.91849264506567,0.9552830014000605,1.0738386891104958,7.493906259536743
22,amc_focal_tversky,1.5302762213078411,0.41636123169552197,0.6993401226672259,0.6004525097933683,0.03286734197701497,1.1434862044724552,0.5,0.0,0.85,0.664951847560333,0.9418360085089237,0.8900662053164059,0.9756301122203149,0.9103046629672514,0.8353669497098682,0.7172791030632033,0.7694997029959628,0.9135659021344321,0.4647007508489709,0.30267763832095623,0.42493394015794356,0.5126790578570191,0.6324600301045415,0.4624801059035152,0.5760149686454865,0.7011692543607173,0.7389830973078233,0.5860215638110399,0.61898543445503,0.9166953572293453,0.667877706992801,0.5171146027746786,0.5973585115636058,0.7610273928953786,0.6120479594204452,0.054784726499962785,0.05433737820645797,0.00021219352683060465,0.9454504282667114,0.9735975981022549,0.9970923621546138,7.5592687129974365
23,amc_focal_tversky,1.5012833015485243,0.39151966758072376,0.697224878452041,0.6010530672290109,0.0320970328413585,1.1201222776011988,0.5,0.0,0.85,0.5399228737342737,0.9364645163852112,0.8805202372771962,0.9764192286095587,0.8996511263943326,0.8394327708377959,0.7232952557550413,0.7727783914808672,0.9186707933258864,0.4500944394582641,0.29040120309068596,0.36876272423460504,0.5774535330359639,0.5325118949923352,0.36287305714791734,0.37418416161369367,0.9231020757929046,0.4065025906735619,0.2551008795460723,0.8535719628454865,0.2667754782822953,0.5571354239904892,0.4079175988849292,0.592324310043663,0.6715004701092626,0.46303630837472043,0.08785421459747587,0.08753625383840966,0.00014162272022924733,0.9123221234413611,0.9496046151229479,1.1090695573524996,7.717261075973511
24,amc_focal_tversky,1.498869394714182,0.38703910329125146,0.6992106051607565,0.601990882307291,0.02941146081006578,1.116242301735011,0.5,0.0,0.85,0.6420784256550001,0.9410571361017661,0.8886760260487514,0.9711343072759169,0.9127870481369272,0.837281473006699,0.7201067614978522,0.7874165354531336,0.8938890222075057,0.5097964849468453,0.34209856559670043,0.4562878072956314,0.5775222775041825,0.5995449765608802,0.42810726979904584,0.44533056425959616,0.9171449296605397,0.6466358896506937,0.47779890474840186,0.7800487552987895,0.5521934466504065,0.6483147060412795,0.4920278754105001,0.6172709155767877,0.7351874190056585,0.5853257837194731,0.0658155429582278,0.06430506975435211,0.0005572307321191653,0.9351376995135288,0.963885436109324,1.0120534707199444,7.589012384414673
25,amc_focal_tversky,1.4902463893998752,0.38255482217804954,0.6966562298211184,0.6005918596955863,0.02874561404579171,1.1073941920291295,0.5,0.0,0.85,0.6552734456641323,0.9485855262494552,0.9021994179571413,0.9629926978096695,0.9346030868768951,0.841300980263781,0.7260737826940645,0.8385717435881933,0.844048040232078,0.4255017611137643,0.27024594286923725,0.29123554473523117,0.789461473022025,0.6317554297646045,0.461726977404278,0.5768583441499786,0.6982000774240812,0.7464091810526838,0.5954169173634102,0.76151621291723,0.7318898792445783,0.6612418380487084,0.5133659050827475,0.6170454613476583,0.7658998674806906,0.6012221239770176,0.07499205368472507,0.0746891393165422,0.00015145718409143532,0.9251594034993663,0.9616761986330928,0.9950483387166803,7.800992012023926
26,amc_focal_tversky,1.4879270683635364,0.37803035678172653,0.6976581168445674,0.6021142649379644,0.03088915609326002,1.1118145835670559,0.5,0.0,0.85,0.6019751990868545,0.9302249821797947,0.8695519774571288,0.9834700841052979,0.8824491565169669,0.8164621519120963,0.6898487895686256,0.7138073792810121,0.9536025905757708,0.4312821941350404,0.27492656265046983,0.4786121473780779,0.3924707621183271,0.5891587223285594,0.41759390772926036,0.42941438566490514,0.9381584337779229,0.5962610251992896,0.42476631047730296,0.8086171761280342,0.4722424118774478,0.6082910233937464,0.45178389260641466,0.6076127721130073,0.6891185495873672,0.5389006472209631,0.06899740102032875,0.06861445026533017,0.0001587280795366373,0.9312268216551332,0.9614750373615281,1.0591360574418849,9.040040731430054
27,amc_focal_tversky,1.5071768950332294,0.39926276643845166,0.6952323893254454,0.6011404391716827,0.030145822910443796,1.1211152896285057,0.5,0.0,0.85,0.6209755930270113,0.9301704490769971,0.8694566795939466,0.9829923140116993,0.8827359392719909,0.8226171360036459,0.6986827829406844,0.728524401885872,0.9446197083705186,0.42322528330653003,0.2684120177890995,0.3169122488946526,0.6368745327523878,0.5968760084166879,0.42539077943009257,0.4625406358306147,0.8411791015044766,0.662953888371621,0.49583472298065623,0.7826008989361557,0.5750396354810632,0.6264180790246212,0.4720800757851332,0.5726445463868237,0.7494282445271115,0.5610183933649463,0.06452631022525715,0.06417866853618927,0.00015703681182089777,0.9356642946519899,0.9643913330065726,1.034132109446959,8.573369026184082
28,amc_focal_tversky,1.500600747086785,0.397003981877457,0.6937985494732857,0.595976708964868,0.029847657414476005,1.1180986179546877,0.5,0.0,0.85,0.5922759595684207,0.9398608497124201,0.8865447988195398,0.9701819719128957,0.91137754382037,0.8457118248621305,0.7326695734027752,0.8068511232991131,0.8885052685094947,0.40205775530922844,0.2516096915549243,0.2890466569597808,0.6601703144199548,0.5933337449830122,0.4218013639460247,0.44184938649910993,0.9028778465574121,0.5796745488162879,0.40812797400284695,0.8195978806382309,0.44841011778005396,0.6051944684926647,0.4535521507266428,0.5893362618490587,0.724990886816729,0.5250220163695095,0.07540062632206182,0.0731832929699079,0.0008356338133253749,0.9259810732167667,0.9570440919891561,1.0359731885519894,7.450268745422363
29,amc_focal_tversky,1.4840959798205982,0.3885813597589731,0.6889659525318579,0.5914802571589296,0.03034840791819575,1.108085410161452,0.5,0.0,0.85,0.6899933376775551,0.9417324351368078,0.8898812232410721,0.9779834056007369,0.9080728437280341,0.8330202449064719,0.7138257894111533,0.7607924491763162,0.9204008790808498,0.5212967098656838,0.35253638329183157,0.42786500253586474,0.6669330514809564,0.6559586598892753,0.4880494671653747,0.5694991060407133,0.7733691137946166,0.750857207172789,0.6010979781369576,0.7121974096088978,0.7939550046967175,0.690283205458555,0.5388774045013294,0.617588491840448,0.788664512263285,0.6427041923092494,0.05323629514251355,0.05305092187852239,9.229389202949948e-05,0.9468567842294481,0.9728586065443905,0.9669986868446524,7.704972743988037
30,amc_focal_tversky,1.463122470812364,0.37398991869254544,0.685442293909463,0.5896675363183022,0.027688279359029944,1.0885650346224958,0.5,0.0,0.85,0.6660361206116757,0.9383736370206895,0.8839019731831746,0.9792530044851118,0.9007705555172689,0.8294062465922066,0.708534659592764,0.7515755701581841,0.9252188454143674,0.5054666403213913,0.33821034307998926,0.48513294614985697,0.5275794213433934,0.6258357061153537,0.4554300449374718,0.4913717160328865,0.8616175624936252,0.7115884831783303,0.5522990705125946,0.6997452438673337,0.7238395198687152,0.6680742690518204,0.5136185295307049,0.6069563690520654,0.7595638372800253,0.614296943205025,0.05740370106872855,0.05705032484031616,0.00015987928918215295,0.9427897958705017,0.9703567397311452,0.9867816933176734,7.378292798995972
31,amc_focal_tversky,1.4449451518329708,0.3568297438323498,0.6855035061863336,0.5899385105479847,0.02641215651634742,1.0764263319698246,0.5,0.0,0.85,0.5231910082601279,0.926999823131027,0.8639325911725599,0.9836783257395789,0.8764969951956499,0.8262048302671985,0.7038747914214649,0.7371974539830137,0.9396566197121602,0.41256121868940715,0.2598911048077052,0.29007351144557536,0.7141003497374208,0.538361996994484,0.368327859488785,0.3803474057874001,0.9209823089672555,0.3815605272194068,0.23575829287199657,0.8547253820095477,0.24559971776986148,0.5396721432926241,0.39196301214748797,0.5655859383063843,0.7050847490466745,0.4441612476344326,0.08895159952535951,0.08880880709820771,6.966422995815913e-05,0.9111215286718342,0.9479261669168112,1.10393279384483,7.8359010219573975
32,amc_focal_tversky,1.4598131640390917,0.37798071440986614,0.6807767999443141,0.585122727196325,0.026790221544532953,1.0849428800019352,0.5,0.0,0.85,0.567154620628374,0.9357215091100521,0.8792073852094894,0.9764150390392394,0.8982841967148039,0.8369863577737044,0.7196702836361454,0.7672493758381248,0.920667885188318,0.4267805458901664,0.27127845690901997,0.3219312201688759,0.6329131327712929,0.5598389623944897,0.388733584492265,0.41161191074017023,0.8749036896721173,0.5002413501566435,0.3335479013299184,0.802361155427016,0.3634052935150673,0.580961804053751,0.42830755659183717,0.5757884155435468,0.6979725002866989,0.4956202861470998,0.0797283011723126,0.07958314268132978,7.100143580681298e-05,0.9203458558828634,0.9549390772398877,1.0947217846458608,7.587223291397095
33,amc_focal_tversky,1.459018192508004,0.37815354324199935,0.6800409159199758,0.5836954858492721,0.02657242875615008,1.0897600501775742,0.5,0.0,0.85,0.6865299536383338,0.9505540980630064,0.9057676020350744,0.9647822163663105,0.9367395389291685,0.8501638353883959,0.7393782362686144,0.8255480469578974,0.8762927031925922,0.5206005073329393,0.3518998822923759,0.4636891013589418,0.5934366218967808,0.6483696126436098,0.47969446285662076,0.6697461619819609,0.6283154243103944,0.7409575393006244,0.5885087774474546,0.6227030968764831,0.9146551394360959,0.6900228736663924,0.5398703397162664,0.6454216017938208,0.7531749722089658,0.6366425530923912,0.05205454145844424,0.05184630185011614,8.824411125190766e-05,0.948065454038632,0.9753755968298146,0.9902964505282316,7.453815937042236
34,amc_focal_tversky,1.4471229070966893,0.36858247830109164,0.6797302968122743,0.5820682780309157,0.027697606444813904,1.0777598402716897,0.5,0.0,0.85,0.626122509314297,0.9409787049647866,0.8885361506668273,0.9741748245195126,0.9099704236834862,0.8467462499472117,0.7342237126117764,0.7967820357518087,0.9033959572524602,0.43354484564636064,0.2767681184114413,0.30662079232957196,0.7397678155585282,0.6222513593976075,0.45164360251195074,0.485306804361447,0.8668643612322886,0.6398955801146736,0.47047533318700985,0.7902385385297335,0.5376143903361456,0.6356095087764634,0.4832776916805446,0.5947370427431403,0.7619106310948557,0.5652305950528805,0.06658612449613076,0.06553671597189431,0.0003834836305397771,0.9340798003975659,0.9630129964962972,0.9898465736345812,7.938175678253174
35,amc_focal_tversky,1.4446342221715234,0.3661929201334715,0.679215098646554,0.5841455551033671,0.025502934571374102,1.07153431461616,0.5,0.0,0.85,0.6366385378809152,0.9362076913523051,0.8800662344912262,0.9817144539897831,0.8947329043247988,0.8408850297057773,0.725454377914153,0.7650370547732722,0.9334277418871361,0.48128308505736905,0.3169011158840944,0.38023458100918783,0.6554785044640375,0.5932909081939644,0.4217580675704984,0.4415270213464977,0.9040279328138813,0.6592386214315384,0.49168974581846264,0.7407591983882547,0.593881896892468,0.6436744110971623,0.4889508267968021,0.5818894638793031,0.7717040190143807,0.577937538227624,0.06013021979193521,0.059872416393194766,0.00012289274797100972,0.9400046908588342,0.9677369161519216,0.9810087409886447,6.797415733337402
36,amc_focal_tversky,1.4480473534627394,0.36988994902507827,0.6789805614812807,0.582287148995833,0.02648853421851527,1.0803325975483113,0.5,0.0,0.85,0.4986136646311211,0.9304600096679774,0.8699628046438264,0.9842969175632494,0.8822069919815487,0.8154451801155653,0.688398009469178,0.7169101740845745,0.9453823119598773,0.49614658400270867,0.32991685141978117,0.3750549817900146,0.7327129145075978,0.5368226896653554,0.36688833668598797,0.3873773323715871,0.8740016612356709,0.21661983440110086,0.1214658761937924,0.9136563319740483,0.1228763670521776,0.5162585720461825,0.3766672684421849,0.5982497050550561,0.668743313688831,0.4165297026897216,0.10092429525032981,0.1006061160347338,0.000145255728859047,0.8992486282364072,0.9381827140343335,1.1182860975915736,7.2774834632873535
37,amc_focal_tversky,1.4374319775538011,0.36668685798279266,0.6750460504130884,0.5773096555335955,0.026404991917595245,1.0704422945326024,0.5,0.0,0.85,0.6553712176324171,0.9400396505454406,0.8868630331589025,0.9779536367647212,0.9049556991033545,0.8337163418039659,0.71484868706257,0.7587310563924777,0.9251486555317647,0.5472382710274235,0.3766882483987528,0.536940557705622,0.5579386971204181,0.6143911321359153,0.44340877601555695,0.4651838421481858,0.9045127730984712,0.6428663833609404,0.4736942446042995,0.7550080840279813,0.5597295011242212,0.6595530320820613,0.5021599890202948,0.6289658850685667,0.7368324067187189,0.601498595508093,0.06255634999670147,0.06209691099920521,0.0001708170631716841,0.9377322719376231,0.9660615070294288,0.9740899516777559,7.803314685821533
38,amc_focal_tversky,1.4502906250682743,0.3712509584359147,0.6801205802370202,0.5824886577373202,0.027071971586833984,1.076747521080754,0.5,0.0,0.85,0.5438371651902355,0.9301221490029224,0.869372282205946,0.9833167741799158,0.8823875084425495,0.8278962137432988,0.706333537567792,0.7367683685025341,0.9447482317366356,0.3980261144831235,0.2484598020489582,0.2942732219758764,0.6147817792786459,0.5610847875674508,0.3899359619799365,0.4056353181911811,0.9097069535116752,0.4470171733796948,0.28784424767434197,0.8297344969505966,0.30591365628279515,0.558506072293392,0.4081433873177572,0.5666028514050471,0.6937876552024379,0.4687093584767564,0.08410039889593438,0.08324047346391918,0.00031914758301595234,0.9164403789530648,0.9505972841616406,1.0586507388136603,7.463082313537598
39,amc_focal_tversky,1.432985859838399,0.3668842791494998,0.6728859222070738,0.573765970597213,0.024937346845862605,1.0633266656236215,0.5,0.0,0.85,0.6305938945345139,0.9477579097976796,0.9007032874112166,0.9760827367443041,0.9210306331893015,0.8512354190932352,0.7410007526705968,0.7949765653166655,0.9160633340383896,0.5320338900723552,0.3624292730426719,0.4461545623294067,0.6588555764652747,0.6191563684253939,0.4483899221227218,0.47555009268960113,0.8870171798832291,0.5607565825063721,0.3896190009907443,0.8072751090307198,0.4295763572761209,0.6407955650243391,0.48535973720668374,0.6309890823415982,0.7228781119157536,0.5706489470013737,0.07221546101827424,0.07197332375334917,0.00010089052705211332,0.9279257857195987,0.9596585682638794,0.9687677838585593,8.699955940246582
40,amc_focal_tversky,1.4332137324593284,0.35706609589132393,0.6784148537977175,0.5821022536944259,0.025731703474858394,1.0668165941130032,0.5,0.0,0.85,0.6052610102921212,0.9398504108510628,0.8865262227810252,0.9757451138706755,0.9065029181791533,0.8446454117637806,0.7310702881729395,0.781630997917975,0.9187111050827866,0.41103322774144563,0.25867956140908077,0.30528752894060424,0.6288572091463974,0.5881086861709015,0.4165396305016781,0.4589314765954839,0.818493086327849,0.6217490069670777,0.45111449954328164,0.7716631175736317,0.520608324938665,0.6163840831608014,0.464350994906745,0.5793782802569237,0.7216674313739245,0.540296973626475,0.07019907057410069,0.0700099731109737,8.861471075406768e-05,0.9299014121782723,0.9616760116799566,1.014009859074246,8.65093183517456
41,amc_focal_tversky,1.4380403052676807,0.37149591083553707,0.6725274229591544,0.5734469054097479,0.025484165784622415,1.0729351788759232,0.5,0.0,0.85,0.6572002173848323,0.9465026162936984,0.8984385067609892,0.9766237141195151,0.9181839226590269,0.8506825214840662,0.7401632163312416,0.7908097836960916,0.9203638871156943,0.42176039119802705,0.26723470178155107,0.3963748781169626,0.45061998917270757,0.6466136279173693,0.477774596564277,0.608434373902013,0.6899051742605926,0.7352866742589103,0.5813860416375791,0.6043936793643069,0.9385469398857929,0.6635858037145932,0.5166396390786622,0.6000031787698435,0.7498589976086969,0.6012202311247689,0.05386907864188991,0.05308453916301049,0.00031152574173923757,0.9466039350952503,0.9739233759559294,0.979231670498848,7.772819519042969
42,amc_focal_tversky,1.4272041673010045,0.3603599002076821,0.6732818193056367,0.5755310373550112,0.024689825744479258,1.05796926129948,0.5,0.0,0.85,0.6189445317081831,0.9387113576646198,0.8845014638043923,0.9798615053235492,0.900878184199677,0.8277478114775825,0.7061175228181313,0.7442827427084638,0.9322971156700767,0.5026078433281564,0.335655453441983,0.4038313097175072,0.6653519287119293,0.6247607851347169,0.4542924448208945,0.4858676752685781,0.874851071346658,0.5492137756847495,0.3785628554227348,0.7946455881642067,0.4196132937190867,0.6260825539063013,0.46865706912593597,0.6071568289646889,0.7230283523619377,0.558860801382541,0.07373774574827012,0.0733686746837537,0.0001576159725841841,0.9264737093436621,0.9580328470676813,1.0023823394016786,7.595670223236084
43,amc_focal_tversky,1.4393856715072284,0.3687915336340666,0.6749958009882406,0.5762633789669384,0.025649036484537646,1.0746664384549314,0.5,0.0,0.85,0.41636851741495196,0.9352122597423111,0.8783086284558282,0.975938909771651,0.8977485510148024,0.8443934693684412,0.7306928846334624,0.7845754424357259,0.9140856866704627,0.41951796764103716,0.2654367206028162,0.31742797155911723,0.6184080499771752,0.4996262872328596,0.3330012269485837,0.3389821640584603,0.949681847053526,0.024941294867493084,0.012628128370401916,0.926191217686309,0.012640849410674051,0.4471197547774578,0.33543974013881606,0.5917941989349031,0.6237041082779595,0.31469518324713,0.10927408315730548,0.10903073215073698,0.0001193052012722201,0.8908499626479908,0.9341548103343664,1.2164952876892956,7.389416694641113
44,amc_focal_tversky,1.4503727887164464,0.3667355784299699,0.6823902807452462,0.5867043276402083,0.02668019436433414,1.078947632827542,0.5,0.0,0.85,0.4999165406493187,0.929006635965483,0.8674252027723508,0.9840350328718871,0.8798068042444293,0.826078491581248,0.7036914185974485,0.7296973112512927,0.9517952010987518,0.3480132918822258,0.21066349394465894,0.31352487253683936,0.39102712828573716,0.5339440013293397,0.3642043699650567,0.36891102777932716,0.9661551413741288,0.3662073438699479,0.22414554410923812,0.8268848539190277,0.23518185566308203,0.5185607821656903,0.3756762066541006,0.5597545163716217,0.636039831605425,0.41605487902717114,0.09078198488088476,0.09051857896159618,0.0001268962822850098,0.9093545247561188,0.9471537858330894,1.1111017032103105,7.707260847091675
45,amc_focal_tversky,1.4655670713294635,0.39311377179216256,0.6731942160563036,0.5785827091471716,0.02830522580056409,1.0996772613037715,0.5,0.0,0.85,0.5605660426532353,0.9336563467845694,0.8755679690775496,0.9858231733099664,0.8867330732609585,0.8198275683687074,0.6946676149988535,0.7329285232991841,0.93010463035067,0.44803990035333785,0.28869292480866227,0.3215200667207593,0.7387366485352497,0.5865543144092881,0.4149818563167168,0.42752052409559055,0.9339903107111767,0.4370667435866284,0.27964517473357225,0.8085238226382989,0.2994784693265879,0.5728721316794905,0.4194968927144512,0.5726232341884583,0.7255775147309211,0.49055365278308477,0.09539716812371746,0.09445950888232242,0.00035386976674435224,0.9051866213509332,0.9437221147953725,1.0318312848156148,7.380568504333496
46,amc_focal_tversky,1.4294286099347202,0.3602634800428694,0.6747364557602189,0.5768901150334965,0.024308961152035572,1.0598361559889533,0.5,0.0,0.85,0.6771280324527621,0.9400454605283732,0.886873375717579,0.9789892168890274,0.9040814998897023,0.8323401940882715,0.7128276488359264,0.758754920018705,0.921731167058556,0.5068326519928052,0.33943459363026673,0.4590576602583897,0.5657068220291163,0.6524407675660895,0.48416481581123205,0.5672761811657641,0.7676938515486412,0.7229859169741085,0.5661534407365263,0.6151588541977172,0.876647582129355,0.6786498826553187,0.5256451247534879,0.600061903910144,0.7829448556914171,0.6274197788443344,0.05478969589934299,0.05202845301132399,0.0009975068199490407,0.946974040168727,0.9708120034956588,0.9846598302776163,7.433665990829468
47,amc_focal_tversky,1.419706442816691,0.3526870828460563,0.6731528798964891,0.576044521887194,0.0238466939077956,1.0584421875801953,0.5,0.0,0.85,0.6916162900273208,0.94891754635689,0.9028002922776318,0.973989409724649,0.9251040609278242,0.8521361569508079,0.7423669297633669,0.8104298777852947,0.8983678955270982,0.47606688901347155,0.31239355952131415,0.3586636067115633,0.707732893368676,0.6909144010288715,0.5277839749913171,0.6494925839187919,0.7379795314713685,0.7615104890916673,0.6148703581132152,0.680305502795515,0.8647293098537902,0.6951569840212046,0.5493537055973033,0.6247228928027913,0.8022024075552332,0.6428305930446702,0.05281481708841056,0.05261949454511971,9.606680190427521e-05,0.9472844386529761,0.9737083899415742,0.9368997500701384,7.66664981842041
48,amc_focal_tversky,1.4661586955189705,0.38212737923657353,0.6823307763446461,0.5846986479379914,0.02824790438965217,1.0935120928016575,0.5,0.0,0.85,0.6871041240386003,0.9488019973431775,0.9025911340633765,0.967358343655989,0.930944165804482,0.85228642287811,0.7425950514721456,0.8295157649771286,0.876342500068763,0.4555680834884638,0.29497453310695093,0.32781503186827293,0.7464789942683658,0.6932034900951439,0.5304601633391368,0.6250702064825306,0.7780070433386786,0.7634580884890728,0.6174138388533918,0.7654019831080898,0.761524042691525,0.6911290212376977,0.5463608966929063,0.6369507466090055,0.7905881450918332,0.6374098873575602,0.05266110056058407,0.05246025045844444,9.021925319686412e-05,0.9474495302883587,0.9731948525275488,0.9486399347131903,7.956970453262329
49,amc_focal_tversky,1.4055141061544418,0.34942087514156644,0.6664255999706008,0.5709165710617196,0.02358586444725833,1.0420934232798489,0.5,0.0,0.85,0.6366552135002521,0.9463900486780886,0.8982356777199197,0.9733101126321586,0.920919030874104,0.8541346020576287,0.7454057026169016,0.8174012287830297,0.8943248634379911,0.4354744579470214,0.27834282422490175,0.30519601549070124,0.7598154211027679,0.6389320758800089,0.46943437910574176,0.5142824400362014,0.8433364528483109,0.657699118560871,0.48997890685710355,0.7911129965106357,0.5627898278140953,0.6465600636113825,0.4957904532011622,0.606998170205142,0.7650666413007912,0.577368550795967,0.06915289816494086,0.06895759837977061,9.106002253336172e-05,0.930951341597696,0.9626606393925723,0.9622838131406091,7.323451042175293
50,amc_focal_tversky,1.3917159783569248,0.3335014031353322,0.6682605533437296,0.5740225477652117,0.023797474121817108,1.029427406462756,0.5,0.0,0.85,0.7124669046295372,0.9486663088036912,0.9023455794745885,0.9759575509325883,0.9228598666607771,0.8473559874441168,0.7351411001261197,0.7871870754209087,0.9174842049051303,0.5261913927168941,0.3570283075540603,0.4765945874329372,0.5873097711668009,0.7067236534110428,0.5464598925628238,0.6239878644479382,0.8147534267684149,0.7717789566898591,0.6283713838755451,0.7390299781785644,0.8075649575591851,0.7130124975654782,0.5667501710296372,0.6566998763700871,0.7817780900998827,0.6682313342725986,0.046295984725432685,0.045887834225181105,0.00016547711843371553,0.9539466886563852,0.9762435479633454,0.9389635243199088,7.624253034591675
51,amc_focal_tversky,1.4004234251650898,0.3459430401298133,0.6650259769098326,0.5711961344561793,0.021250718614531004,1.0385633280331439,0.5,0.0,0.85,0.5789051690938989,0.9436182806524924,0.8932550264456817,0.9697999312401059,0.9188131190281257,0.8558181603172178,0.7479739064504717,0.8341469124963381,0.8786454870276725,0.4140780538358648,0.2610961118467363,0.28148724936732633,0.7828104457218785,0.583106888885259,0.41153908104366427,0.4375298735806438,0.8738625985183854,0.52765703497762,0.35837915995992103,0.8118268178125497,0.39084622283427095,0.5951650345039904,0.4447470648251984,0.5912477133142146,0.7315411885255518,0.5082806592329145,0.08338102443724497,0.08315307712702323,0.0001107403599304195,0.9167361825130463,0.953872632029531,1.009807672012936,7.346578359603882
52,amc_focal_tversky,1.4314915002747015,0.35958955386145547,0.676208514042876,0.5798125019804998,0.025640379695025993,1.057871812446551,0.5,0.0,0.85,0.6744481695971877,0.9490519332743524,0.9030436073128101,0.969443308026909,0.9295007153106672,0.858443978002161,0.7519946121433418,0.825719696853531,0.8938691034570373,0.45575959213750894,0.2951351291010206,0.4571524907924146,0.4543751557491468,0.6422160658309418,0.4729884112408265,0.5271239694531192,0.8216050844335892,0.7652204174519484,0.6197222793989385,0.7085024346975831,0.8318095456689648,0.68041001335564,0.5349601079710318,0.629624647949162,0.7504147223271845,0.6210653584734663,0.04723892004720813,0.047011225503085424,9.11588477359586e-05,0.9528976156491786,0.9768595050641593,0.964769879525358,7.238245248794556
53,amc_focal_tversky,1.4175950654528358,0.3514132067899812,0.6725621192970059,0.5772413249042901,0.024297066612482675,1.0499907603318042,0.5,0.0,0.85,0.6601882095721356,0.9419422087811636,0.8902559166414601,0.9793969694043071,0.9072466687049501,0.8429838202944646,0.7285842973336873,0.7771672945141719,0.9209794713563583,0.5178943321264773,0.34943144969517276,0.4129009844842614,0.6944909901780745,0.6235794407288348,0.4530442650893192,0.479891305449105,0.8900878350189655,0.6778320132184917,0.5126670892013552,0.7649290213656766,0.6085417118277117,0.6655724015920671,0.5109317753298837,0.6087221514533038,0.7785250020952774,0.6064352620246013,0.06126916457109396,0.06044435653441463,0.0003064689577045475,0.9392491745078808,0.9665533187975468,0.961172960021279,8.720682859420776
54,amc_focal_tversky,1.3846483420241962,0.33581576665694063,0.6630697412924333,0.5659269101240418,0.02511454803309541,1.027993760325692,0.5,0.0,0.85,0.6842614140741722,0.940984802549436,0.8885470244569954,0.9811936045981419,0.9039417415478834,0.838131999004471,0.7213659368244332,0.7583338932584349,0.9366991595235771,0.4803352675692941,0.31607976240982916,0.3916356403877937,0.6209773744768442,0.6788058634806349,0.5137820738963637,0.5785691962984978,0.8210525920162658,0.7460683727434323,0.5949832961592402,0.7197304279811046,0.7744071679651473,0.6858353756994581,0.5365527673224666,0.6120672894814577,0.7882840734954586,0.6350698345977871,0.04891110706155298,0.04875490981940568,7.149326506244587e-05,0.9511735969155318,0.9746890060566248,0.9558667107061907,8.755145072937012
55,amc_focal_tversky,1.416248532858762,0.3509866696020419,0.6715483093126253,0.5775051174516027,0.0238501838972628,1.0496100017970258,0.5,0.0,0.85,0.6689671116622263,0.9303539173020648,0.8697773332235856,0.9830957746831369,0.8829829856991217,0.8123688984828832,0.6840246078476204,0.7261949109447057,0.9217482402732431,0.3940447375688284,0.2453647039783068,0.25798526451811205,0.8337672827888915,0.6975067366852621,0.53551657911087,0.6830200505767087,0.7126212570517684,0.7673974998012867,0.6225831114877433,0.6916181451653929,0.8618262499521457,0.6678294681345651,0.5218722506061351,0.5897045928012299,0.8324907575165121,0.6196496580184591,0.06166298431193453,0.06144852314946246,0.00010607341669032425,0.9384454034338472,0.9682847641078136,1.003459487449039,7.326424837112427
56,amc_focal_tversky,1.3955642066218636,0.3450243833728812,0.6640879491513426,0.5652579055591063,0.023055404173316096,1.038229152560234,0.5,0.0,0.85,0.6446884944925142,0.9422456620054324,0.8907982015860774,0.9793870055324234,0.9078184176971517,0.8497717771642447,0.7387853647593781,0.7883937164549453,0.9215134835712949,0.4652829923033466,0.3031718486013629,0.3532052281178173,0.6815498440359292,0.6318281796171169,0.46180470186873146,0.48371396630199465,0.9106803925326736,0.6637630955793452,0.49674058049394276,0.7660242866356356,0.5855892616536567,0.6526615111660133,0.5001256239308538,0.5978342993775982,0.7748332454483886,0.586958089166603,0.0609234154110545,0.06068260058123943,0.00011649808325469061,0.9392009013355059,0.9671518764274842,0.9534637237137015,7.879626750946045
57,amc_focal_tversky,1.4045203260400079,0.3497875969518315,0.6658917668868195,0.569700023328716,0.024018336261096094,1.0399094122377308,0.5,0.0,0.85,0.6067508713901049,0.9381414387025659,0.8834900173110589,0.9773096058617905,0.9019918231719776,0.8507098781225884,0.7402046375661175,0.7951801317021042,0.9145774901046451,0.42673005321457735,0.27123765637708375,0.32178271861530944,0.6332654481709131,0.5791717226788311,0.40762964245813155,0.4264457466441834,0.9023291125919072,0.6177607637411829,0.44692752711406214,0.6956058985370364,0.5555853087316834,0.6185931044392949,0.46649986587884873,0.5597536238746583,0.7514393398997873,0.5412208465448637,0.06670616593864473,0.06628009311441924,0.0001624820650093496,0.9335574248205714,0.9644043213139817,0.9859898794781078,7.500633955001831
58,amc_focal_tversky,1.4101826778867028,0.34482447447424586,0.6732077171856706,0.5747701021080668,0.026208866577442015,1.0476542392914945,0.5,0.0,0.85,0.5909498624068439,0.9454693963564917,0.8965784331813615,0.9770740422233246,0.9158452694639594,0.853342899853693,0.7442005981952334,0.799119453373873,0.915460554708741,0.4713512549066114,0.3083450376808542,0.36039325714959686,0.6810256674657627,0.598642558749332,0.42718762617413447,0.44781242716635533,0.9026786486110302,0.49901090926115216,0.33245472091707123,0.8008998769478578,0.36240643688712226,0.6055869056926971,0.45304699574182333,0.6020562536594207,0.715392826918164,0.5230015743056985,0.07983457601036817,0.07948416158322677,0.000136775935003445,0.9203790624817698,0.9547284611561571,0.9872219467704947,7.232542276382446
59,amc_focal_tversky,1.365476200526411,0.32801632092080335,0.6568061150610447,0.5587889135561206,0.022893636361914105,1.0125929361039943,0.5,0.0,0.85,0.6756682933299343,0.946387668822584,0.8982313900644957,0.9750044637681078,0.9194028061340619,0.8523109338482758,0.7426322677326969,0.8127608879159651,0.8959069813323326,0.46771275924444344,0.30523830441465966,0.35960465943691416,0.6687633729472757,0.6448124796035187,0.47581052060962664,0.5165808011299727,0.85772756486145,0.7586705472494031,0.6111758208655282,0.7419728405295063,0.7761371026356734,0.6808766799864102,0.5337142284056278,0.6077297972530895,0.799633755444183,0.6237319286991218,0.0560435118880297,0.0558977999482266,6.392267658937184e-05,0.944038277375184,0.9716613211453815,0.9370912299914793,7.251330614089966
60,amc_focal_tversky,1.403157470578497,0.3412089684808796,0.6707652126523581,0.5753877552395518,0.023290189010532977,1.0348940633914687,0.5,0.0,0.85,0.6986720291106506,0.9516941627504609,0.9078401826392956,0.9740070265285375,0.9303807046749553,0.8561392285539432,0.7484645421239694,0.8061874534219221,0.9126899513697893,0.5212486592447194,0.35249243390608775,0.45757384884118146,0.6055098691276666,0.7056393352734472,0.5451643846288553,0.607495930548003,0.8416038065599701,0.7262828670263132,0.5702073468468585,0.7679071420110971,0.6889390442429436,0.7023275225246058,0.5540821768764428,0.6597910937055509,0.7621856678250923,0.65105695384816,0.050601735057916354,0.05042227931130468,8.095448124926723e-05,0.949496766207446,0.973396000443729,0.9343554973602295,7.622618913650513
61,amc_focal_tversky,1.389930080283772,0.3439472078938376,0.6613345681266352,0.562267255038023,0.021721892075054875,1.0351466583934696,0.5,0.0,0.85,0.6271663715062681,0.9376951696301709,0.8826987723511747,0.980764851581187,0.8982491152138923,0.8472426478134031,0.7349705002586354,0.7780758350221376,0.9299063913579139,0.41591146762772035,0.2625556963062316,0.2930804026817206,0.715982229554904,0.6220137886804473,0.4513933329454799,0.4741159936213862,0.9040166574584257,0.6602756264003677,0.4928443785987929,0.829005427277637,0.5486145646047482,0.6363608826304846,0.4854409770272849,0.5935694146507203,0.7746299607439979,0.5660669609028451,0.061442842668813606,0.06103017963093689,0.00019407997728603072,0.938775740391777,0.9661793017541569,0.9676726406270807,7.367143630981445
62,amc_focal_tversky,1.3783467208797282,0.33063928359611466,0.6627733348445459,0.5659421350468289,0.02221621461500366,1.0196303488178686,0.5,0.0,0.85,0.5066854300554583,0.9335824540772135,0.8754380098551089,0.9839243841952803,0.8881412151891309,0.8341165589127946,0.7154373494960761,0.7482719839943808,0.9422104880757779,0.49164368117646146,0.325946644729095,0.4184767848197274,0.5958168991088486,0.5246763314828272,0.3556347279442565,0.3593584939229787,0.9716875824510002,0.2556213527114035,0.14654006061627317,0.8185326411538526,0.15146066842634806,0.5265144810708717,0.3858896956964252,0.5861599759727348,0.6652939095154937,0.423980455123564,0.09565112312504619,0.09542137201054161,0.00011429829314548903,0.9044643296963129,0.9434281266005842,1.1788684658028863,7.884416818618774
63,amc_focal_tversky,1.3877934637394818,0.3488274594260888,0.6566216810183092,0.5584495438432152,0.022858190958603784,1.031195528805256,0.5,0.0,0.85,0.6892150468034506,0.9506706431131521,0.9059792684478052,0.9741441118800327,0.9283018135319444,0.8539375310543221,0.745105571635989,0.8111654027849461,0.901471426552449,0.49697935539382004,0.33065371202804605,0.38381479626932674,0.7047768812352776,0.6780783405251939,0.5129489600727107,0.592149160341739,0.7931799133300712,0.7454636236109718,0.5942144346237799,0.7583956372591802,0.73296524403977,0.693614712646077,0.5457306695901314,0.636381249163798,0.783098366289392,0.640173773176662,0.05703492514900855,0.056919352858939634,4.583039088939652e-05,0.943034816750171,0.9702636910363021,0.9465212239460512,7.308912992477417
64,amc_focal_tversky,1.3870738751508973,0.3359400042417375,0.6638836599886417,0.568013358861208,0.02267599434708245,1.0324350846084682,0.5,0.0,0.85,0.6435287868198821,0.9435719322819835,0.893171964202151,0.9803151017940683,0.9094835969006109,0.8398904133805465,0.7239750650005212,0.7607973984621088,0.9373365595385635,0.5266457263907068,0.35744677015160553,0.4291426994442438,0.6814810995677106,0.6448048349249722,0.4758021955378463,0.5192255624951123,0.8505075789180601,0.5896464945913386,0.41808418409289777,0.7757877073278432,0.4755450144302702,0.6502468673218911,0.49382705369571767,0.6212383419323271,0.736217563113651,0.5870323519690058,0.06696689076278828,0.066753670066114,9.783984436058543e-05,0.9331484900895254,0.9623531544191134,0.9726845947178927,7.665812969207764
65,amc_focal_tversky,1.3890723010355777,0.34017108228396287,0.6626540364866907,0.5666505459018729,0.022695440969321433,1.0292190130461345,0.5,0.0,0.85,0.6853772924941138,0.9517762394263739,0.907989567900586,0.9708697072304247,0.9334192849027716,0.8542762922584426,0.7456215547310147,0.8293936972671209,0.8806980668378374,0.5236680405593179,0.35470886964860726,0.4141837872431706,0.711831782286208,0.6754844602294322,0.5099860590132747,0.5414117833709067,0.8978152119578565,0.7082727764953809,0.5483145075891079,0.8025056101773836,0.6338446629177396,0.6904253923856434,0.5396577477455011,0.6468737195146455,0.7810474309999104,0.6358084257613771,0.06136697544070776,0.06107499180308365,0.00012058440283095075,0.9388044237940854,0.9676461932159448,0.9330382469025525,6.855040073394775
66,amc_focal_tversky,1.3844884288581936,0.33897291631861165,0.6609353416345336,0.5628855668685653,0.022769950204747147,1.031373843550682,0.5,0.0,0.85,0.7025289104474532,0.9428444605459669,0.8918691955517712,0.9822303468544068,0.9064954250430364,0.8326053700147925,0.7132167209175383,0.7467027805045471,0.9408422596209892,0.5682531464216234,0.3968949853120918,0.4837755262235992,0.6884758492089498,0.6963136120495605,0.5341112851107189,0.5903638084579952,0.8486095607497041,0.7098554967671311,0.5502139450180671,0.7712607631288598,0.6575069388656959,0.7017569063132768,0.548609234089604,0.6480257195787503,0.7838586521113348,0.658140751746105,0.05329017010047536,0.053165064893968494,5.345052166547178e-05,0.9467814845843661,0.9711738750580727,0.9388657361268997,7.465120553970337
67,amc_focal_tversky,1.3757504326376049,0.33438109708103264,0.6583450741388581,0.5621019469743426,0.023651643725977257,1.0197329345074566,0.5,0.0,0.85,0.5937706680107,0.9503222867891816,0.9053467315051188,0.9754805441095925,0.9264290971645168,0.8575837171858854,0.750675327450165,0.811064973699417,0.9097633178188357,0.5133359219560201,0.34529382228123906,0.3950474866805469,0.7327386936831797,0.591226529614219,0.4196746617128703,0.4579851362510227,0.833805019036527,0.47489271335662003,0.31138315154326945,0.7757574005549669,0.3421827780115382,0.6092597205281861,0.45675674074688594,0.6099637492964884,0.7046224521375201,0.5264850549756197,0.08551876393700375,0.08524865082267491,0.00012692539880356947,0.9146244237785215,0.9510171886687234,0.9918833158232949,8.690741300582886
68,amc_focal_tversky,1.3777259195392781,0.3323704499581998,0.6606296473606066,0.5649062469601631,0.022857281984629066,1.0227269360964948,0.5,0.0,0.85,0.5836858459338548,0.9388974580338798,0.8848319751399275,0.9831732913567381,0.8984375789404718,0.841965098591754,0.7270636641157098,0.7720009965043231,0.9258742671559681,0.46391102507478676,0.3020079127235276,0.33230480977269633,0.7681163156401598,0.5748088677781285,0.4033205475268443,0.41937900076109735,0.9132925165465497,0.5080542775609892,0.3405313409997447,0.8066314689646137,0.3708010830155961,0.5971848172514146,0.4432308663414566,0.5825790690006827,0.7445210455895686,0.5155913901379682,0.08460428633515488,0.08441554431423347,9.302009620053434e-05,0.915491435589566,0.951755666756495,1.0271061171184888,8.765383005142212
69,amc_focal_tversky,1.3673924898559398,0.3244700471616604,0.6596688164228742,0.5647082017226652,0.020678369127629347,1.0089950961145489,0.5,0.0,0.85,0.5457561248687188,0.9343141541099721,0.8767256858231629,0.9825841375030646,0.8905646770611593,0.833533850206875,0.7145804019728339,0.7652173878563806,0.9152442939893706,0.36012669024050953,0.21960640989597358,0.24607407360737124,0.6712381738031441,0.5807017924842007,0.40914713300498295,0.41723110579701844,0.9547858246230854,0.4723747674855176,0.30922163200197034,0.7762971170855177,0.33947098852801094,0.5616842751042758,0.4131388942189402,0.5512049210865719,0.7201848202359027,0.47106775007007595,0.09494515586294434,0.09473837187954273,0.00010010663869349628,0.9051615214817638,0.9461019229539049,1.0410740958018736,7.823671102523804
70,amc_focal_tversky,1.3679514994675464,0.33068472130054777,0.6565571112388914,0.5586561208421533,0.022411572006769184,1.013816004449671,0.5,0.0,0.85,0.5973271691722785,0.9475150452271747,0.9002646935049937,0.9783621097671535,0.9185536975731653,0.850815189024178,0.7403641093217326,0.7885107991832778,0.9238103052026785,0.5158128365084852,0.34753894198562385,0.43520536858829784,0.6330678078247847,0.5998912362271204,0.42846045375117187,0.45047854019774536,0.897604738656019,0.4777215128534248,0.31382005125020634,0.8309329399988589,0.33522478524581073,0.6110601936533021,0.45754588907718363,0.626281911992045,0.6974269092323232,0.5311418618630102,0.08178537751959104,0.08156985841690423,0.00010756326800762208,0.9183225783150881,0.9532399395848177,1.0266194614497097,7.399714231491089
71,amc_focal_tversky,1.3713396408341147,0.32592744481834496,0.6614292372356761,0.5657418427819555,0.023138446217754707,1.011120422997258,0.5,0.0,0.85,0.6806042683455769,0.9446060611620379,0.8950269907766321,0.9798028422656377,0.9118502925899346,0.8469205531701675,0.7344858634837441,0.7761097237356499,0.9319499603047715,0.5345191223462837,0.3647397454971004,0.47382543203641764,0.613045981456127,0.634868216174461,0.4650600210884811,0.5024712887946222,0.8619971661272964,0.7213833358326726,0.5641904693166646,0.7888947198449464,0.6645159370762547,0.6844228068808962,0.5321190248464975,0.635325291102909,0.7678772612411123,0.6302568914511392,0.05422977566812394,0.05403178409155256,9.606691880978555e-05,0.9458721489896377,0.9712329141062443,0.9620132405649532,6.832171678543091
72,amc_focal_tversky,1.3597611818801274,0.3271886838430708,0.653388271277601,0.5549392884766514,0.023693720776050628,1.0171459608457305,0.5,0.0,0.85,0.6560543303485619,0.9511012758807562,0.9067617816766749,0.9621145697859781,0.940337266056626,0.8598911740205807,0.7542185047834224,0.8596168939747211,0.8601656291526998,0.44855183526514963,0.28911815777087807,0.35388381816916015,0.6123671298324687,0.6518597290496201,0.4835251517188842,0.5378991571989935,0.8270886656368197,0.6980420644018773,0.5361479394349212,0.7490962065033788,0.6535030114464441,0.664586200684307,0.5157524384270264,0.6251240189615634,0.7382811090171081,0.599484542905549,0.05906010963568239,0.05876429244903716,0.00012499317745573053,0.9411107143735071,0.9698774439994043,0.971149055795236,7.0795605182647705
73,amc_focal_tversky,1.3800712024623698,0.33711832939562475,0.6592397161505439,0.5631650276482105,0.021893070260623725,1.0213063711469823,0.5,0.0,0.85,0.6902093771058221,0.9507106625259995,0.9060519616206969,0.9723478564122569,0.9300154710554334,0.859657262360288,0.7538586724721129,0.8225473012351475,0.9002739302445317,0.509044763854378,0.341421896186734,0.4412220765467928,0.6015055038539351,0.6776179928781215,0.5124222722546983,0.5495030992025152,0.883634573246555,0.734476890341431,0.5803741431000725,0.768295966207085,0.7035095996497327,0.6951992273585547,0.5470192460034045,0.645392110797885,0.7722309017486886,0.6403798823579768,0.04998040762566493,0.04982358841655513,7.419834702125723e-05,0.9501022132364236,0.974216794834696,0.9337592883543535,7.24597954750061
74,amc_focal_tversky,1.364261698316444,0.323924564502456,0.6584639779546044,0.5615060651166872,0.021175429240181322,1.011201267892664,0.5,0.0,0.85,0.5825352192124564,0.9413435527609054,0.889187002276203,0.9839509029636718,0.9022730428410966,0.8362031843649979,0.718513036924526,0.7482053125444619,0.9476592148407926,0.5088122823633113,0.3412127637221311,0.43439827339876375,0.6139912178941324,0.6117896459387011,0.4407038487710966,0.4564545399048703,0.9273867108660252,0.42345985917268936,0.2686007467913079,0.8213302331272323,0.2852692024873534,0.5950662429599249,0.44225759905226536,0.615097089743832,0.693576586522076,0.5146872624915672,0.08221946139792533,0.08194449151367456,0.0001351742708291613,0.9179203342154962,0.9520298882953868,1.0486360409043052,7.6052985191345215
75,amc_focal_tversky,1.3615675805644556,0.3228896426206285,0.6571306552399289,0.5621848394247618,0.020863866450368238,1.004548584873026,0.5,0.0,0.85,0.6484455129318739,0.9481665205719155,0.901441662693095,0.9717405551279047,0.925709188435456,0.8530022028095651,0.7436825117702838,0.8340109260695838,0.8728785345111282,0.45584260161999507,0.2952047518589914,0.3117343150111288,0.8477310028957878,0.6255950175500037,0.4551751671001849,0.5014930110757048,0.8313169239326623,0.6946890910406898,0.5322020112392586,0.8034672724532234,0.611852815288006,0.6572822282550634,0.5065661104921797,0.6126763811524102,0.790944819156896,0.5920422367368962,0.07439673302787492,0.07414323334625605,0.00011650540042705256,0.9257402612533169,0.9603550241321727,0.9711164398626848,7.113097190856934
76,amc_focal_tversky,1.3746427907185121,0.3294813792136582,0.6604106849567457,0.5652417435564778,0.022521184467801835,1.0212986360896716,0.5,0.0,0.85,0.5793903016319195,0.9373018040612943,0.882001877525871,0.9847740203095572,0.8941960097687779,0.8316751488937126,0.7118526564817987,0.7436975952521234,0.943260490779037,0.5314095648471369,0.36185007891041,0.4234642857142641,0.7132152647091067,0.5800671549592962,0.4085173161429814,0.42239465947643756,0.9255638617340397,0.42273786859184487,0.26802004573230387,0.810241217770294,0.28597052735378287,0.5914724343229977,0.4375600243168735,0.5999494395532798,0.7170025361439915,0.511404862799426,0.08418970404672838,0.08400809522292003,8.907663239648008e-05,0.9159028281446835,0.9510565365536459,1.0478230863809586,7.035818338394165
77,amc_focal_tversky,1.3673555119471117,0.3280975725501776,0.657000526108525,0.5620121728967536,0.02217577090447197,1.012513217600909,0.5,0.0,0.85,0.6914322349636326,0.9494744058661099,0.9038089230457139,0.9778993272463126,0.9226552813383094,0.8522420283703924,0.7425276490655638,0.7931336891930058,0.9208699182287825,0.5138631934680026,0.3457711236337237,0.40072328904147847,0.7160251948475406,0.6739907148986327,0.5082850644195219,0.6130762504156573,0.7483453415868654,0.7418910357603443,0.5896874252133715,0.7300924287442394,0.7540772477461648,0.695496743124343,0.5465678155830451,0.6342564143485953,0.7848294256023383,0.6432483147089932,0.05688607917539786,0.0546195087878273,0.0008534544058698785,0.9445270368063028,0.9683422320093384,0.9618203003298152,6.764081954956055
78,amc_focal_tversky,1.3372264992107044,0.31462399797006085,0.6481198279017751,0.551377591423013,0.020560917147535787,0.9879388280890204,0.5,0.0,0.85,0.7015338178291162,0.9495350211229044,0.9039187790324233,0.9751203236789211,0.9252580108153192,0.8558064760762855,0.7479560565432319,0.8142771191394298,0.9017996116792129,0.5169126862325951,0.3485382697526488,0.4174056419307908,0.6787141347219133,0.6866804190179103,0.5228585859539353,0.5842740191372262,0.8326135898100541,0.759366031084684,0.6120790258133884,0.7067898522066212,0.8203928269342403,0.7046914031028688,0.5578579845158012,0.630686658103517,0.8083800407863551,0.6543197121117298,0.04906368840731927,0.048875866195933114,8.775625521425035e-05,0.9510363775488526,0.975345696312176,0.9105330339886926,7.816483736038208
79,amc_focal_tversky,1.3631529679352588,0.3207136648283763,0.659345050088384,0.565162023360079,0.022093158014203338,1.0051324374296449,0.5,0.0,0.85,0.5636903530658399,0.947234837655552,0.8997589125632864,0.9745544265784907,0.921405176462787,0.8566126045498017,0.7491884272631137,0.8227924404347422,0.8933322457063195,0.4658144942691507,0.30362331838563933,0.3426351756189844,0.7272735084598037,0.5855940153179293,0.41402116624213714,0.42802686418449376,0.9267552909605127,0.41991525938155067,0.26575489819438086,0.7342978759539383,0.2940293876371178,0.5819840933796081,0.4331469525213178,0.5819380890480397,0.7103476081909383,0.4904412563228769,0.09169088742636332,0.09153299511766755,7.317930680106205e-05,0.9083938255755314,0.9483037125823133,0.9997089857404883,7.712902545928955
80,amc_focal_tversky,1.3815455680543727,0.3320879520509731,0.6632657186551527,0.5672578655860641,0.024299594161096717,1.0256296382708983,0.5,0.0,0.85,0.6819185094918694,0.9441317771401454,0.8941757661604144,0.9810182609042627,0.9099186529248595,0.8441220225343018,0.7302864480427841,0.769809023422508,0.9343155490508672,0.4982520263295768,0.33178138746663244,0.41098865514312766,0.6325608173716728,0.6806262996587278,0.5158707494947606,0.5538562042177324,0.8826536173219195,0.7172906112394407,0.5591996266064096,0.7756362737830108,0.6671087138551757,0.6850727399405118,0.5342845529026468,0.6275725391415947,0.7791596743999087,0.6320563124092485,0.0530269912881145,0.05261978842563783,0.00016723708774113254,0.947212974486621,0.9716290006416672,0.9341348043896935,7.60431432723999
81,amc_focal_tversky,1.3585354631597346,0.3240059077401053,0.6551075117154554,0.5582518066194925,0.021695942762769184,1.0029614784500815,0.5,0.0,0.85,0.5759531111357534,0.9549773657909559,0.9138341453376833,0.9706403661781435,0.9398118382695114,0.8613450792579207,0.7564583997903146,0.8408652653916843,0.8828473948645627,0.5479612023959805,0.37737366473964773,0.45640494567422535,0.6854682787243875,0.5957261931580398,0.42422367365646096,0.4441292580158676,0.9044451209657377,0.371920500826764,0.2284412407475378,0.7648490943010751,0.24569747820578802,0.5942382439096762,0.4466242447334902,0.626562140845713,0.679614568190119,0.505202632126928,0.09547325867456795,0.09528706277790545,8.36064004536556e-05,0.9046293308216409,0.9456005868669383,0.9755790287798102,9.012706756591797
82,amc_focal_tversky,1.3809574713761157,0.33148477861488407,0.6632520573383028,0.5688659558919343,0.02163593583612634,1.0178766331889413,0.5,0.0,0.85,0.6993865755509661,0.9460576148623824,0.8976369374677459,0.9805062074368404,0.9139474624437763,0.8386137165301674,0.7220799216128772,0.7628676534875929,0.9310597818612227,0.5241174718602308,0.35512140151210997,0.3989754779157396,0.7636393321474256,0.677854713289706,0.5126930603642778,0.7204303349775897,0.6400305186287424,0.7594991003848842,0.6122519545294407,0.6861152926895105,0.8504605366622525,0.7000212505162471,0.5505365845046764,0.6420971897676081,0.7962975423249108,0.6538237618449404,0.05624831464702279,0.055864872489895676,0.0001636643353591341,0.9439714631747452,0.9708594328912766,0.9573937058448792,8.320661306381226
83,amc_focal_tversky,1.3413465144959362,0.31111991608684714,0.6521722633730281,0.5566934574056756,0.021933861757795305,0.9970759688453241,0.5,0.0,0.85,0.5342457724188123,0.9432537073997979,0.8926018610189327,0.9714841561531948,0.9166176301458393,0.8534835910518556,0.7444146323512912,0.8261879775482374,0.8826444133121711,0.43732564563689647,0.2798571848420309,0.29733138772783685,0.8264459969236141,0.549251869587757,0.3785990538769001,0.40049611548465314,0.873809980192926,0.3800298309030833,0.2345906351565339,0.8562337933294304,0.24420981939821038,0.555022734294898,0.40936537655668903,0.5950623185225394,0.7067775524567304,0.45553578204257894,0.09737391088466556,0.09710475794111657,0.00013337130934069178,0.9027618707495427,0.9441748290479551,1.0749396275390277,7.892547130584717
84,amc_focal_tversky,1.3601931983774358,0.32949239151044324,0.652061864733696,0.555622018196366,0.02080921783288597,1.0082792511040515,0.5,0.0,0.85,0.5558888643995743,0.950880256825097,0.9063600823557965,0.9691300673236212,0.9333050713431698,0.8601292936744753,0.7545849620499322,0.8429090236952373,0.878067843264091,0.46914580202090306,0.3064601466555269,0.35110134039100355,0.706770470813616,0.5921175066377538,0.42057310139831583,0.43799110979777334,0.9136119849511245,0.3813069475137078,0.23556470260252563,0.8691929506087483,0.24422257075941817,0.5756748874617099,0.42929572817657513,0.6252986061231907,0.6856682174470624,0.4808567520574549,0.09354485554827867,0.09324864004622585,0.000148107751026407,0.9066032522027477,0.9467234692658848,1.0451758612285962,7.707154750823975
85,amc_focal_tversky,1.4002820930697701,0.34094869023696944,0.6686529368162155,0.5740216699513522,0.023255931041520937,1.03669631277973,0.5,0.0,0.85,0.5820480288321455,0.9394143512176505,0.8857505778021655,0.9796423288595977,0.9023598951006347,0.8392320387996386,0.7229972456612093,0.7682219792559292,0.9247066489737532,0.5216484121830437,0.3528581539614325,0.4063527832382218,0.7282874893660275,0.5667125659679269,0.3953935215727603,0.41334475885707267,0.9010324467145154,0.45292860067016044,0.2927651567124569,0.7902980020317484,0.3174238849997102,0.5951304044051924,0.4410035194769648,0.594554380845743,0.7178626175135016,0.5137631929403771,0.08295000329935195,0.0827110443171298,0.00011869857940446892,0.9171702571034658,0.9525099174636147,1.040628744797273,7.136665105819702
86,amc_focal_tversky,1.3534233265302398,0.3210226525129242,0.6530647863718596,0.5575860281559554,0.020081862486139555,1.0054287605664947,0.5,0.0,0.85,0.6848033389952058,0.9474341723279772,0.9001186884657212,0.9793896680387081,0.9174980736395889,0.8495164775673316,0.7383995172491046,0.7853958078732708,0.9250376796362983,0.5156670557130113,0.3474065961398682,0.3945355390425851,0.7441330892904072,0.6701120774242202,0.5038861290854649,0.5634837866577693,0.8265136225085852,0.7203369887513361,0.5629114715509742,0.8069235676513116,0.6505319442850247,0.6889081498639748,0.538150928506353,0.6375846753062342,0.786554083930079,0.6353720406295226,0.05727228983534217,0.05708568544837866,8.958575390910762e-05,0.9428247287977123,0.9690766965829989,0.9428138502619483,7.628798961639404
87,amc_focal_tversky,1.3525892252271825,0.31608809767798945,0.6560832509262995,0.5620451959019358,0.01975066539770606,0.9939527328718792,0.5,0.0,0.85,0.6666618023984889,0.9439909271292685,0.8939231218563827,0.9801382144328221,0.9104150164264293,0.84695123933245,0.7345320234697734,0.7842083001220421,0.920607180424986,0.46671936656027574,0.3043926574049585,0.3755208660510304,0.6164230534573641,0.6630463183317115,0.4959381371420015,0.5311017992252712,0.882221395362789,0.7105913640096058,0.5510986542011181,0.6971255883567437,0.72458759972624,0.6718270720585107,0.5214903680544629,0.5969891384387719,0.7859598072428448,0.6134523496338643,0.057032283631643324,0.056648864799420856,0.00017240195711325796,0.9431787332434659,0.9704227100061713,0.9516273005442186,7.230889081954956
88,amc_focal_tversky,1.3564317246729678,0.32473104049197654,0.6524907160889019,0.5568105807019905,0.020554965748239985,1.0080468288876794,0.5,0.0,0.85,0.6083015427353444,0.9458206484536896,0.8972103722827849,0.979748721290793,0.9141637415998812,0.8501178398229154,0.7393086607170212,0.794116181632881,0.9146173276055818,0.48893859329169953,0.3235729475460593,0.3765682605425008,0.6968970465657243,0.6121560515386422,0.4410842099483252,0.4548121036790192,0.9359522225604476,0.5317262199291551,0.36214378213816434,0.7684087896195101,0.4065133953049315,0.6207346761456031,0.4665274000873925,0.5984763338684778,0.7384949980091713,0.5442736215864991,0.0804018687098144,0.08019755914527504,9.805296500837357e-05,0.9197043878897165,0.9551696693976401,0.9710823595523834,7.638822555541992
89,amc_focal_tversky,1.3355635472319343,0.3131531684405424,0.6474634320898489,0.5521983338350599,0.020226928687903142,0.9884776757522062,0.5,0.0,0.85,0.5812197931855969,0.9448513702221928,0.8954675612109352,0.9821437474146015,0.9102874060477092,0.8458643260616526,0.7328985189195684,0.7693913404279096,0.9392169844339664,0.5320928950451198,0.3624840381581742,0.4441376612768443,0.6634872350115006,0.6002444852056772,0.4288209468450466,0.44674412797272856,0.9144463612548375,0.40465171169848063,0.25364474620729455,0.810645367412037,0.26961903183163655,0.5957133545027326,0.4444620625325209,0.6177296242723799,0.6966924031329853,0.5123296973164259,0.08383908098537378,0.08368872270251188,7.517914143095358e-05,0.9162360981560572,0.9510796844492162,1.0161510502750224,7.700699090957642
90,amc_focal_tversky,1.3566932386972688,0.3173309797421098,0.656951136209748,0.5644920590248975,0.019376012524927235,1.0016509064219214,0.5,0.0,0.85,0.4924029689420022,0.9440988379063407,0.8941166766351173,0.9786437541083164,0.9119095564846782,0.8457790829478345,0.7327705385100116,0.7851747901713457,0.9165214652991611,0.5002182047782049,0.33352732135559104,0.3909093547731503,0.6943878734757466,0.5500222098277592,0.3793314722168419,0.3907549067992801,0.9284465942788497,0.1689480635482846,0.09226830773335616,0.8286837670845052,0.09406254117626657,0.5162418902755208,0.3844744099539502,0.5988807047070703,0.658354618557506,0.40639615938474954,0.10532439303095459,0.10516798347311539,7.80087769674186e-05,0.8947540077499172,0.9369270622849626,1.0810893909497694,7.773350954055786
91,amc_focal_tversky,1.3224204311316663,0.2993159025738185,0.6489618288522417,0.5535273687406019,0.020031084235928243,0.9737900962883775,0.5,0.0,0.85,0.5989074793418859,0.9500963420834058,0.9049366910186372,0.9702124189948361,0.9307974819883731,0.8575742297419694,0.7506607887077653,0.8300988003605939,0.8869307387105698,0.5108384982348505,0.3430376743082182,0.42795778817462715,0.6335318329852601,0.5992138389880283,0.42776967367748514,0.44500155033103317,0.9169908331359801,0.486913885764988,0.3218018334740733,0.761190252368143,0.35793921001065343,0.613635113182459,0.46081749254188553,0.6160620978085993,0.6988481537106158,0.5323220743292889,0.0822925098290082,0.0815497524209325,0.00027964533535820266,0.9181706022437093,0.9542370078957482,0.9853473183783618,7.625325441360474
92,amc_focal_tversky,1.3448954292319037,0.32392231849106873,0.6464922428131104,0.5504206882959063,0.019563987503302502,0.9927053167061373,0.5,0.0,0.85,0.6747716026000579,0.9413949706205612,0.8892787626112199,0.9851227419389248,0.9013841979523066,0.8377130245404001,0.7207454288207485,0.7519302314618367,0.9455890875599772,0.5411075655668706,0.3709029896896577,0.4749019964173216,0.628762685502597,0.6495860587163971,0.48102736417172126,0.5007349857278293,0.9243686740557482,0.6825128812985152,0.5180414074721275,0.7920009431790304,0.5996200094359818,0.6777298825305458,0.5226792975385638,0.6298920391965045,0.774585114138576,0.6244021685272609,0.05858675692744019,0.058346192833415314,0.00010666159192809627,0.9415471455746566,0.968113367245376,0.9480581337755377,7.495343208312988
93,amc_focal_tversky,1.3699650486761874,0.3364689666777849,0.6533322374929081,0.5568321306597103,0.022127377454539368,1.0174776769497178,0.5,0.0,0.85,0.543490636646902,0.9431318415172231,0.892383627936306,0.9817578780950689,0.9074301370074517,0.8474812824008301,0.7353297343111546,0.7784910844387594,0.9298883696312996,0.5070185755743181,0.3396013957570552,0.403636437654869,0.6815928093285658,0.5670766634015995,0.39574808290007746,0.4054004283900416,0.9432511359920267,0.32723861191273884,0.19562778902191405,0.8169551934825497,0.20459559057928564,0.5622037833223716,0.41657675049755033,0.6011207859915549,0.6898319763827945,0.4671112836295521,0.09267418791959847,0.09245500554356842,0.0001093972213105787,0.907435597235121,0.9456273147245922,1.0431561063636432,8.606491804122925
94,amc_focal_tversky,1.3442242843183605,0.32182425243610685,0.6473230966790156,0.5511423779482191,0.019950712385087336,0.9950575063174422,0.5,0.0,0.85,0.7014889266559736,0.9527931138024911,0.9098422922543591,0.9720261432967691,0.9343064268060804,0.8531839722945191,0.7439588841477454,0.8078968273817918,0.9038498202095601,0.5394482516253514,0.36934552454280895,0.5142979585475679,0.5671848280958154,0.703924973326429,0.5431205438261402,0.5842558944274105,0.8852431906248844,0.7215200910698107,0.5643577861724607,0.8386608183512008,0.6330923326064788,0.7045193220790276,0.5551956846722887,0.6862778746769927,0.7473425428841847,0.6549644386738637,0.05355097791030195,0.05340435864919072,7.270708564693841e-05,0.9465229342651623,0.9715446682794712,0.934527032754638,8.479448795318604
95,amc_focal_tversky,1.325125134804032,0.3088016513396393,0.6442718217996034,0.5477385568347845,0.019792649912481218,0.9818238758228042,0.5,0.0,0.85,0.5306898730580331,0.9518749352261845,0.9081692321055201,0.9740859958737218,0.9306542041432264,0.8566362862691737,0.7492246570200717,0.8225699570710497,0.8936462031541774,0.4749957993782955,0.311471797379084,0.3419816046241596,0.7773452604985025,0.5631521128068049,0.39193579071678364,0.42862161891619976,0.8207631912262392,0.31848343851575944,0.18940249879825186,0.8501143320792118,0.1959459172266556,0.5533169092425083,0.41050868597854784,0.6108218781726552,0.6719251430263937,0.4522104502336199,0.10891794912686388,0.10553783589825373,0.0016896579220157882,0.8927725061797305,0.9336853014510865,1.1271289844404568,7.972214460372925
96,amc_focal_tversky,1.3441537449305707,0.31737922165881505,0.6499347849325701,0.5547533526339314,0.021475803033106124,0.9946306970986453,0.5,0.0,0.85,0.6637492998833451,0.9497951939930567,0.9043904470446475,0.9769548919513746,0.9241047490474908,0.8543795391853023,0.7457788756476277,0.7985079795105824,0.918657988414871,0.5309128439521358,0.36138961651560325,0.4648597358670515,0.6188462959620686,0.6569596154625028,0.4891584966663083,0.5126442643020945,0.9143636753148299,0.6416102051427941,0.47233143798039223,0.8327116115029277,0.5218494574295583,0.6709655509356838,0.5171646067024829,0.652180897795664,0.743429354280332,0.6098275548524775,0.06288983073252172,0.06270674074971402,9.154499140384639e-05,0.9372017142588821,0.9656310169115347,0.9681884294206445,7.8356335163116455
97,amc_focal_tversky,1.3507502194155345,0.32138161750679667,0.650976912541823,0.556334550915794,0.01971401152770175,1.0022440491752191,0.5,0.0,0.85,0.683746243665656,0.9496635694713254,0.9041517954331293,0.9739784990895076,0.9265330928112319,0.8572119178941526,0.7501057556660414,0.8150089103085908,0.9040243464041396,0.5148363138864257,0.34665291018100935,0.4722341737658497,0.56588727625819,0.645277365059211,0.47631695848014977,0.5513448996120744,0.7777890531332041,0.7388122938592024,0.585806767907649,0.6574903375076849,0.8430902498841393,0.6890344726747479,0.5397205980587123,0.62401958029855,0.7726977314199183,0.6329753242682797,0.05332621546334662,0.05148229376682703,0.0007036803879690986,0.9478140258452039,0.9725070730226383,0.9639668180183931,7.080164432525635
98,amc_focal_tversky,1.3434322767636993,0.31638494972139597,0.6504903469573368,0.5539936152371493,0.02068688607720436,0.9956016100265763,0.5,0.0,0.85,0.6251120308865078,0.9481004397154714,0.9013222131769117,0.9804033373639004,0.9178583118350329,0.8464727649729042,0.7338125527248789,0.7742401626754897,0.9335700186761955,0.5504701035283993,0.3797576751389095,0.4469413902722515,0.7164204755397974,0.6401432827881878,0.4707431854296445,0.506883662160906,0.8684617032551625,0.5041498065392532,0.3370322835422909,0.8261778685587917,0.362754974093469,0.6353089894571861,0.48033642420893097,0.6385607709168597,0.7203017928911561,0.5649210642852801,0.07665328746922616,0.07651018958325373,6.784477427575703e-05,0.9234219656424705,0.9556669547818398,0.9824756641279567,7.384042263031006
99,amc_focal_tversky,1.3263026469133117,0.311787731860849,0.6427115872502327,0.5471631867641752,0.022015152179102934,0.9822173315015706,0.5,0.0,0.85,0.6363374486211382,0.9433703951021863,0.8928108683774951,0.9829495762528828,0.9068552091090186,0.8462970000447069,0.733548408973108,0.7739021216540773,0.9336340432312723,0.5213825618134643,0.3526149146820011,0.4233462367435997,0.6785079013172576,0.6155489985580975,0.44461595095601414,0.4632671274494823,0.9169682824250689,0.5966105203239257,0.42512112921185163,0.7624073376051763,0.49004331212354835,0.6449597701850486,0.4889751009557437,0.6057307058630839,0.7547883847742868,0.5778473602318291,0.07002650982331937,0.06979580480113769,9.738302443850185e-05,0.9301068121744238,0.9614110142652607,0.9806609560142864,7.69965672492981
100,amc_focal_tversky,1.3401267718185077,0.31609612119130115,0.6485234319486401,0.5525403049859133,0.020401948319803607,0.9923705133524808,0.5,0.0,0.85,0.5688837414644289,0.9423020691683567,0.8908990380906263,0.9832654121988517,0.9046153290718572,0.8437928225116519,0.7297937938290955,0.7640723095658059,0.9420867072692962,0.49461357126560496,0.328562528414339,0.39175847617133575,0.6707054041744502,0.57109673137547,0.39967487227124254,0.4242957167745887,0.8732199032574174,0.42772355331282663,0.2720409341589077,0.8115341212804168,0.2903867487854205,0.5843066696163883,0.4325180321683961,0.5979151559480367,0.6940996908716461,0.4978112853179672,0.087128174762783,0.08696489628535674,8.144623814880034e-05,0.9129536574764945,0.9490496938873204,1.0816655362194234,7.648521661758423
101,amc_focal_tversky,1.3567646836692637,0.325274385003881,0.6527013924311508,0.5576574433256279,0.02012784548820822,0.9996017542752352,0.5,0.0,0.85,0.6187081674395642,0.9484471946289905,0.9019491838970074,0.9731547656517159,0.9249631672623511,0.8588690239835021,0.7526471912818227,0.820361383208409,0.901169799759643,0.4911077780158405,0.3254757171258029,0.38773428598436743,0.6696398649170624,0.6068704576948054,0.4356166740177114,0.4591831222847177,0.8946017356530162,0.5685888974190291,0.3972226402281001,0.8115968307776569,0.4375714607534168,0.6313590392782943,0.47774055566335927,0.6197189055637877,0.7257457152707846,0.5555223777098917,0.0730568891838195,0.07282503108097844,0.00011233125327299693,0.9270626376657486,0.9598702903014106,1.0051075545224277,7.6999993324279785
102,amc_focal_tversky,1.3436358510093256,0.31950168447061017,0.648261231454936,0.5525625585155054,0.021566734473956538,0.9959166232835163,0.5,0.0,0.85,0.7235551601270489,0.9504690070217185,0.9056130913528795,0.9784797714588529,0.9240173291261257,0.8459438647163241,0.7330179519459725,0.7830561837129095,0.9198146987099247,0.550497549869461,0.37978380086207125,0.44443681500063675,0.7230457236643618,0.7102455439918248,0.5506827603372304,0.6975220507765534,0.723441839837307,0.7856143675826749,0.646923305588564,0.7295561045642767,0.8510045947404523,0.7230753315400712,0.5776019546834595,0.663642788513594,0.8043267142380115,0.6821191538146536,0.05150839681950194,0.05131210855212278,9.264806220296677e-05,0.9485952433856742,0.973610683762354,0.9316830743442882,7.373749732971191
103,amc_focal_tversky,1.3409035083922474,0.31091151775961573,0.65155788409439,0.5579500675878741,0.020364967023521207,0.9945907660505988,0.5,0.0,0.85,0.5833683245187749,0.9378474064003596,0.8829686167992022,0.9860105287537624,0.8941703514541954,0.8371411234600924,0.7198991557350537,0.7523361375808213,0.9434938247130945,0.4797242776670388,0.31555083766704567,0.34082015002566707,0.8097410911465023,0.5956953697079896,0.4241924129981121,0.4499698625193312,0.8810186907808604,0.4714683378355598,0.3084452546883775,0.7642759120191396,0.34087363826086986,0.5960072771676702,0.44202191527214724,0.5768505155362398,0.7437818112253317,0.5156293284035294,0.08284044716224548,0.08260101616656441,0.00011895054258276434,0.9172800332908528,0.9518854432635618,1.017408236861229,7.550138473510742
104,amc_focal_tversky,1.3403633501042018,0.31813622088256205,0.6473289853469892,0.551276219162074,0.01990340246315596,0.9926003089005296,0.5,0.0,0.85,0.6889554744630292,0.9471386794139898,0.8995854068291004,0.9810609268132666,0.9154838959448613,0.8513503649317868,0.7411749753276412,0.7854944866397295,0.9292595062236567,0.5495871506286245,0.3789177342622285,0.4403286003426574,0.7309599305680243,0.6661419488487809,0.4994099246721572,0.5453452302532955,0.8556792086203528,0.704479543172393,0.5437811031540793,0.7470746302789704,0.6664796467022571,0.6928897518953963,0.5408209343540266,0.6295607368786632,0.7955945730285727,0.6400695475499328,0.05523632726719622,0.05499513928411517,0.00011631484990521702,0.9448885458659796,0.9704682036445056,0.9283872463486411,7.53644323348999
105,amc_focal_tversky,1.3244257284836336,0.3058727276088162,0.645183059640906,0.5511157495731657,0.019754223761992762,0.9781205430626869,0.5,0.0,0.85,0.637740020072933,0.9514537509505117,0.9074027510117066,0.9738759601174605,0.9300407887729196,0.8550520936328605,0.7468043645285983,0.8027998158322609,0.9145798613844628,0.5067437800087113,0.33935487642681145,0.4393460614202451,0.5985666778375913,0.6350365487731041,0.46524069798521134,0.5139284767719107,0.8308208082926168,0.5948585544143878,0.4233442521272101,0.8279354682192481,0.4641835515941129,0.6479227442072659,0.4936860477669578,0.6460024555609163,0.702037724777196,0.5788796277320677,0.07117568910007062,0.0709893757505396,8.856865866357076e-05,0.9289220555907969,0.9603542017151253,1.01937096091834,8.677606344223022
106,amc_focal_tversky,1.351046153090217,0.3322333625771783,0.6432896053249185,0.5495245392349634,0.022190813579320755,1.0076091336933048,0.5,0.0,0.85,0.6768375947592271,0.9365882981398392,0.8807391309513739,0.985787744446629,0.892066369658429,0.8275864067329254,0.7058826437066071,0.7342188115710265,0.948160029138282,0.4949357907315188,0.32884696060381136,0.3553661415110112,0.8150430082578592,0.6591637885575462,0.49160649371814513,0.5695520819650441,0.7822390600863398,0.729102191607275,0.5736906514374697,0.7761471940415602,0.6874343836204222,0.6776970444073164,0.5250066873665084,0.6088210572721605,0.8082191202757258,0.6277339236321132,0.05715129847217407,0.05692091141426272,0.0001121319069236286,0.9429669566788137,0.9688812725776434,0.9698397273367102,8.015606880187988
107,amc_focal_tversky,1.3419346673922106,0.31696252956647764,0.6480406891893257,0.5541947685520757,0.019855348293111256,0.9983407360586253,0.5,0.0,0.85,0.5762527472457352,0.9468118697581054,0.8989959557753878,0.9680507301185394,0.9264849550882982,0.8571087777402339,0.749947817470789,0.8391673914367132,0.8758340976758572,0.49032867946479025,0.32479167670149456,0.37868725868724096,0.6953159237966973,0.5670940537085813,0.3957650222446966,0.4097829597192848,0.9204410919053877,0.4578122091799077,0.29685892464267016,0.8113185101872203,0.3188732897236644,0.5930859300233783,0.44184086026491265,0.6097390300076149,0.7026161007754017,0.5050783141177598,0.08534209325638689,0.08508852653313238,0.0001216957467947009,0.914789777720073,0.9527997976806581,1.0412949513305316,7.753781795501709
108,amc_focal_tversky,1.337613392282616,0.31099066172133794,0.6504890566522424,0.5537022304805842,0.020551117224055237,0.9928256557746367,0.5,0.0,0.85,0.7375280045213644,0.9573426134812836,0.9181756403008983,0.9660896874610538,0.9487525120454992,0.8606203931331557,0.7553412295132766,0.8385916962039406,0.8838376413164166,0.586150071711224,0.41457728998201293,0.5617025298509372,0.6128225619344166,0.7284973650720317,0.5729420805433892,0.6677345007484023,0.801425956619919,0.7773983537926458,0.6358558048766101,0.8126486391261845,0.745079037187188,0.7381665459272643,0.5946791012288222,0.720169341482366,0.7607912992644851,0.6973485968586338,0.045103662178153196,0.04490513783467073,9.289130771643162e-05,0.9550019708576128,0.9766888262800482,0.9375927312807604,7.4197022914886475
109,amc_focal_tversky,1.3449398658492349,0.3127611389553005,0.6533065753226931,0.5592607110738754,0.02019470663576199,0.9924179220741446,0.5,0.0,0.85,0.6723913070322065,0.9481923082350465,0.9014882812312979,0.9790047617193637,0.9192602094831077,0.8531810716575454,0.7439544731710035,0.7943504039864655,0.9214229006822604,0.49915545417795737,0.33258304836931657,0.4303138165140772,0.5942185902227669,0.6627523805325248,0.49560931788867124,0.5231209535884502,0.9040655173320665,0.6980717361308367,0.5361829491712987,0.7650303951367393,0.6418907718398666,0.6782901606247161,0.5270824471500725,0.628203892306433,0.7653994450192402,0.6199931902804398,0.0584674726057369,0.05831547269035541,7.208243409843875e-05,0.9416124448755462,0.9690834467652787,0.940509866584431,7.1345579624176025
110,amc_focal_tversky,1.3139333995905789,0.2994504713199355,0.6432143554768779,0.5487180369144137,0.019329004940779916,0.969095572151921,0.5,0.0,0.85,0.7056715889532623,0.9516912022743653,0.9078347948038913,0.9764797533091497,0.92813003906308,0.8596104197549198,0.7537866310302324,0.8098037809803748,0.9159452443034702,0.5586644945177441,0.3876019791317226,0.48666938806747667,0.6556589586931113,0.6859932918480641,0.522062244882196,0.5581626734694708,0.8897683666143907,0.732962492936724,0.5784852372962308,0.8051724050207433,0.6726385541656286,0.7093076747643631,0.5604840230850955,0.6649520618845164,0.7835027809441503,0.6592067597675108,0.05017978820771221,0.050045762473980626,6.325698347213628e-05,0.9498909805425473,0.9735523066344701,0.9116282178597017,7.740343809127808
111,amc_focal_tversky,1.3005528158762238,0.2992418175563216,0.6348478468981656,0.540444859049537,0.017261496266531718,0.9624072557145898,0.5,0.0,0.85,0.6619609089717641,0.945356831789409,0.8963760068662774,0.9814652553429335,0.9118110103915029,0.8482513298737089,0.7364899581613555,0.7811797557666618,0.9279221044064976,0.47453046202254695,0.3110717390343331,0.3525225202661377,0.7256923856907767,0.6636432688440995,0.4966063726637363,0.5279600111080138,0.8931885577692501,0.6865269125278942,0.5226806084387884,0.8575258375307497,0.572387352349839,0.6682379933170625,0.5167121695745533,0.6297970311678908,0.7797976000540908,0.6082335477981803,0.06270862415453082,0.06256219398230253,7.14672458620853e-05,0.9373663387718354,0.9654938229773709,0.9492134546691721,7.980915307998657
112,amc_focal_tversky,1.3213715959678998,0.3073396347463131,0.6419345584105361,0.5488244433971968,0.018008977595028144,0.9768518189137633,0.5,0.0,0.85,0.7182258040159736,0.9531266665732774,0.9104508025373187,0.9765138944272209,0.9308334717482079,0.8591097007584718,0.7530169213723827,0.8116140772398912,0.9125097341036472,0.5739689583132476,0.40249401417962105,0.46779747274043787,0.7424832220531616,0.7055602137723648,0.545069937805734,0.6117472106651195,0.8333577632701225,0.743919056803728,0.5922540747340079,0.7689083634977741,0.7205029136860053,0.7206394824119531,0.5732087370229364,0.6650167810358057,0.8022134082782342,0.6744827429631135,0.050467263852341855,0.050249398497875714,0.0001055717779354984,0.9496450297241887,0.9734431351451959,0.9043887569145723,7.836860418319702
113,amc_focal_tversky,1.3298352218487046,0.30781623670323327,0.6471625586802309,0.5529829637909477,0.01907369915513548,0.9836494841358878,0.5,0.0,0.85,0.6382879520492156,0.9505366123513161,0.9057358489475156,0.9776825962848481,0.9248573550977895,0.8597429786201956,0.7539905148576382,0.8085118559515327,0.9179058184567099,0.5090247240919453,0.34140386652751964,0.38888233586177595,0.7365883839034195,0.630921509991936,0.46083662448616786,0.4983559118533308,0.8595729647043466,0.5975330198132442,0.42605852990112847,0.843730132886694,0.4625598782669853,0.6493055581293303,0.49557238394311354,0.6348700591383334,0.7441567613328652,0.5791597512990418,0.07157200088335224,0.07141139138605603,7.912379646210344e-05,0.9285094848174819,0.9600043383099147,0.9833793260834434,7.711512565612793
114,amc_focal_tversky,1.3200017701495776,0.3125083207745444,0.6380632797425444,0.5421234660527923,0.01991376607483372,0.9836843731728467,0.5,0.0,0.85,0.7123959498978951,0.950070509561651,0.9048898218536499,0.9763489429511092,0.9251695691026653,0.8552443420893742,0.7470977200936844,0.8051056817853526,0.9120425919795686,0.5157460006636643,0.3474782624094482,0.41750625033244226,0.6744433846338348,0.7080820909797338,0.548085978246646,0.6538304860350633,0.7721513754054139,0.7780344692871594,0.6367073781805354,0.6970253780115331,0.8803497273333554,0.7142767257549829,0.5698423347325784,0.6433669490410978,0.8097467698380432,0.6672875203101859,0.045479511640551626,0.04526479165636894,0.0001004399189362859,0.9546347684246947,0.9774041998528873,0.9256648055531762,7.289632081985474
115,amc_focal_tversky,1.321812135929411,0.30662149808962236,0.6432691057297316,0.5478698193010959,0.020041508973504693,0.9798662913116541,0.5,0.0,0.85,0.6180889105179321,0.9443398016711667,0.894549025497132,0.9818567281544854,0.9095844136410944,0.8433722669336106,0.7291648322297335,0.7630770731130426,0.9425529008814477,0.5359778204307726,0.36609952220018843,0.5321104025338946,0.5399018672715716,0.616409157536295,0.44551404838635655,0.46290224605063207,0.922241390326462,0.5166703058602069,0.34831791468978335,0.7567095520404782,0.3922446221133939,0.6281073876902212,0.47227407937651544,0.6286998184345118,0.6992351951482189,0.5563524279424249,0.07387778674602857,0.07375483422548251,5.7403700444219315e-05,0.9261877620740733,0.9584523744541086,0.9815979383208535,7.792935132980347
116,amc_focal_tversky,1.3158795874227176,0.30096702548590576,0.6439488557252017,0.5474434227428653,0.020051362365269266,0.9724199663509022,0.5,0.0,0.85,0.6650462909774493,0.9486059513000962,0.9022363712949397,0.9788259705905713,0.9201960567711771,0.8544419742809619,0.7458740239235374,0.7946587503201912,0.9239521077357744,0.5375260985289024,0.3675457715780136,0.42725319496101044,0.7245237297310609,0.6542487218831889,0.4861587222853822,0.524474636531002,0.8693599732397903,0.6423701847791884,0.47315562576585735,0.7823515769943863,0.5448784157708604,0.6721467448680604,0.5181835358881977,0.6321845397016475,0.7656785566193716,0.6113816683970933,0.06243571007438815,0.062179334395423815,0.00011681949897763338,0.9377038461055985,0.9657326647877531,0.9598687372424386,8.347357034683228
117,amc_focal_tversky,1.3101627047766338,0.3052495563910766,0.6368653652342883,0.5415699822320179,0.019676242131853625,0.9726279181512919,0.5,0.0,0.85,0.5455263003773775,0.9471367205167436,0.8995818725690548,0.9783766768776758,0.9178300422760459,0.8570140783798438,0.7498028297365606,0.8026030431632304,0.9193390199785024,0.5354451690939527,0.3656026785714122,0.43211342218843024,0.7037285280949444,0.5651634812197411,0.39388702045316026,0.4050698901958163,0.9345014601584963,0.30540520835863777,0.18022314825057753,0.8335354760459306,0.18695195712141477,0.5657569842630439,0.42237891925292764,0.618330457898352,0.6861302413383394,0.46867128622411053,0.09224635559243555,0.0919346899554954,0.000150337454594556,0.90791497258991,0.9459643336399802,1.114349369298328,8.911411762237549
118,amc_focal_tversky,1.3063337261026555,0.304747337221422,0.634915716946125,0.5394901396198706,0.018573706342232817,0.9692559689283371,0.5,0.0,0.85,0.7048950174920137,0.9556657256846949,0.9150956252118186,0.9726478517457615,0.9392664287860848,0.8631002483513031,0.759170056198589,0.825713733732308,0.9040328830114832,0.5743648825773464,0.40288351174718307,0.5584751885313982,0.5911852405626227,0.6966384475353815,0.5344936301197918,0.5727685545101034,0.8888700966297628,0.7036308984207094,0.542770494578679,0.8018769948507266,0.6268314142534449,0.7094336192211851,0.5598294231610607,0.6897086179061341,0.7527299086143284,0.6582114095111458,0.05408313362399464,0.053919516334459405,7.418921216670997e-05,0.9460062944533739,0.9713808601897064,0.9252689968455922,7.8353893756866455
119,amc_focal_tversky,1.3141896948218346,0.30442596277730033,0.6397452408617194,0.5446217899972742,0.01861140140400411,0.9770758930932392,0.5,0.0,0.85,0.6885841003747357,0.951315817994806,0.9071518711913731,0.9771849358400752,0.9267810474972858,0.8543267242801689,0.7456983962058398,0.8052291916327864,0.9098003097839912,0.4851430614977672,0.32025668508171945,0.3484106571083502,0.7985185567098212,0.6498463965904835,0.48131293724613183,0.756330029841175,0.5696459914231915,0.7830187846396279,0.6434107402452885,0.6697050420117104,0.9424871104990057,0.6930837417520119,0.5476696896947448,0.6449187301485055,0.8051129921040024,0.6393360809092928,0.05968567061195323,0.059482963965541445,9.938146866880888e-05,0.9404176545657897,0.9705732930355632,0.9583716121586886,7.683642148971558
120,amc_focal_tversky,1.3288008841601284,0.30708465902981436,0.6469245607202704,0.5537210814654827,0.019364411730004413,0.9793112528595057,0.5,0.0,0.85,0.64966201024364,0.9470247141418241,0.8993798115309023,0.9798677998799272,0.9163118874857918,0.8517497520328914,0.7417805949015478,0.7896298954815022,0.924478057599331,0.5128928126944451,0.344892968760201,0.41174266668746,0.6799257559742655,0.6466591809025846,0.47782433794752566,0.4982473120028527,0.9209935843227112,0.6201852139218004,0.4494699000034139,0.8134400441561463,0.5011284954668698,0.6578717398879304,0.5034919504031721,0.6282649795819903,0.7566314733407944,0.59324573583961,0.06614694051946317,0.06590987290910859,0.00011638574610488543,0.9339737413447865,0.9635304677349489,0.9581844874403693,7.185307025909424
