epoch,train_loss,selection_score,dice_c0,iou_c0,precision_c0,recall_c0,dice_c1,iou_c1,precision_c1,recall_c1,dice_c2,iou_c2,precision_c2,recall_c2,dice_c3,iou_c3,precision_c3,recall_c3,dice_c4,iou_c4,precision_c4,recall_c4,mean_dice_no_bg,mean_iou_no_bg,macro_precision_no_bg,macro_recall_no_bg,minority_dice_c2_c3_c4,ordinal_mae_fg,adjacent_error_rate_fg,distant_error_rate_fg,exact_rate_fg,weighted_kappa_fg,val_loss,epoch_seconds
1,1.8124175681309267,0.38778965860583836,0.9129198554831468,0.8397907551599052,0.9560705197816295,0.8734960533830753,0.7876730695530623,0.649720013447757,0.7241534333561364,0.8634074734471245,0.402294920795289,0.2517954821771858,0.30435912812289295,0.5931603182086919,0.14054496160428515,0.07558395266472448,0.7149725698080764,0.07793219985957295,0.4872346231021995,0.32208208261704296,0.32332235518530733,0.9882300961542391,0.454436893763709,0.3247953827266775,0.5167018716181033,0.6306825219174071,0.34335816850059125,0.11954494615193316,0.1162478155295739,0.001308465590817181,0.8824437188796089,0.945502029378092,1.4543344730680638,7.731361150741577
2,1.3821565224365755,0.3856203872413999,0.931057522548408,0.8710080684304847,0.9377017960394215,0.9245067452271725,0.7884516118595668,0.6507801253152885,0.7753592692700907,0.8019936904364748,0.4322426531859261,0.27570762405566795,0.34260150764388536,0.5854157679844815,0.47431352657554804,0.31088531938736813,0.41181753628960405,0.5591714286673937,0.11602790709000337,0.061586850212194934,0.5324443120015896,0.06510797429204916,0.4527589246777611,0.3247399797426299,0.5155556563012924,0.5029222153450997,0.34086136228382585,0.13674017949014236,0.12015531601526748,0.005928897252623296,0.8739157867321092,0.8915384080546611,1.3919991905039006,6.721777677536011
3,1.2673887386918068,0.5624092093629427,0.9339924907071557,0.8761593915288055,0.9501823654532285,0.918345081966189,0.8131787727220708,0.6851737684092173,0.7715936039906538,0.859501766867258,0.4765748289107935,0.3128311373311863,0.38663090249369586,0.6210537403569003,0.4506830667396893,0.2908914613043651,0.7221654371462742,0.32754838427917154,0.6763798779853027,0.5110075517405834,0.564487223251714,0.8435978373256791,0.6042041365894641,0.449975979696338,0.6112192917205845,0.6629254322072522,0.5345459245452618,0.07487868883850275,0.07155247822927048,0.0013569442208015458,0.927090577549928,0.959693021565514,1.214253145185384,6.682053327560425
4,1.1924992366270586,0.5814150452799425,0.925549333615782,0.8614163149346592,0.9735744409553941,0.8820395198446331,0.8058213201758819,0.6747912467291458,0.7166051737872599,0.9204109443552696,0.44248906294537504,0.28410013208777624,0.3419389969271257,0.6268069781206109,0.5469358505399758,0.37640172372515257,0.5670720710972406,0.5281806301630156,0.680018130722497,0.5151723266431738,0.5648435123355663,0.8541925727533625,0.6188160910959324,0.46261635729631206,0.5476149385367981,0.7323977813480647,0.5564810147359492,0.07917707200460669,0.07701111570841983,0.0008434446470534591,0.9221454396445267,0.9583131103854176,1.1432745998555964,6.5397255420684814
5,1.1909933760762215,0.3647590227176505,0.9211816327686413,0.8538801903537567,0.878594604882081,0.968107508756862,0.7124455025739846,0.5533323086504326,0.83208973616023,0.6228826637586997,0.2645397829750668,0.15243206405996584,0.32219613379041784,0.2243863045855249,0.12287931463007874,0.0654615952974079,0.7093311605495574,0.06726599007622334,0.5909624772623611,0.41940861597083073,0.711490611532891,0.505354304168181,0.4227067693603729,0.29765864599465924,0.643776910508274,0.35497231564715725,0.3261271916225022,0.08196576843474891,0.07309360610761417,0.0035891693784691307,0.9233172245139167,0.9393470976785363,1.9624630646272139,6.395605802536011
6,1.1820402545007793,0.6187145870904103,0.9349401927452388,0.8778288189797422,0.9644612698503074,0.907172655823479,0.8213910394512413,0.6969156581575647,0.7732577743071692,0.8759144105265056,0.5049338754619372,0.3377334735732501,0.3800257989959076,0.7521543292236011,0.5872283805773465,0.41565697704015636,0.6317363416200246,0.5485791264793932,0.6964226877783366,0.5342396505746452,0.586591621322422,0.8568571988175047,0.6524939958172155,0.4961364398364041,0.5929028840613808,0.7583762662617513,0.5961949812725401,0.06999372201890644,0.0696513990340807,0.00017095552190455162,0.9301776454440147,0.9651920876016562,1.0854390520941128,6.552982807159424
7,1.151551186361096,0.639159410534262,0.9354365432208249,0.8787043527221741,0.9708872732582075,0.902483491410971,0.8209278742638846,0.6962490727625038,0.7507357706908608,0.9055993761240766,0.4920476955849257,0.3263018957193,0.4128490917068152,0.6088450387728795,0.629657511341711,0.45948915439249977,0.5771778261770094,0.6926351081234292,0.7351835367662749,0.5812570899707056,0.6637346749305288,0.8238704946183287,0.669454154489199,0.5158243032112523,0.6011243408763036,0.7577375044096786,0.6189629145643039,0.06436581586966185,0.0637425351259768,0.0002741952108847043,0.9359832696631385,0.9667011230968449,1.0883669514547696,5.739014625549316
8,1.1162182099439881,0.6034275010478406,0.9389160553533543,0.884865010059148,0.9631468461285734,0.9158745384681803,0.8292444422735336,0.708298531491812,0.7976577575036435,0.8634358949044273,0.5043900097776038,0.337247018323675,0.4171272802422062,0.6378218954084127,0.5976110665218753,0.4261378938863377,0.4741674536532184,0.8079511134850855,0.6330091131021451,0.4630675443189295,0.7213140540162234,0.5639669677466116,0.6410636579187894,0.4836877470051886,0.6025666363538229,0.7182939678861342,0.5783367298005414,0.08161941850240709,0.0772274815334776,0.0015717159093451834,0.9212008025571772,0.9526504639079448,1.10138569094918,7.294816255569458
9,1.108543019403111,0.5945403304708026,0.9407602438993652,0.8881466528055683,0.9497247100843489,0.9319634267417628,0.8177544991281498,0.6916960128205981,0.8338011732876729,0.8023138057976741,0.5176704347840472,0.349227625847583,0.3873436383241966,0.7801681329815123,0.5113230543694011,0.34347482566327125,0.6990485845291163,0.4030785872898957,0.6802227793731773,0.5154072738504369,0.5346005980350138,0.9348783609588583,0.6317426919136938,0.47495143454547234,0.6136984985439999,0.7301097217569851,0.5697387561755418,0.08737741835213017,0.08573796873504003,0.000615995869461338,0.9136460353954986,0.9586840493058311,1.0988721576603977,6.892055034637451
10,1.119940641928803,0.6034110005788078,0.9331325336974011,0.8746470983235832,0.9681044578031059,0.9005991785735067,0.8226137825450627,0.6986779447131987,0.7618512978292987,0.893908683353548,0.5015315717234398,0.3346961218931174,0.43654382829133254,0.5892529317937567,0.5756650907331902,0.40416413793404765,0.5374641994516496,0.6197118275668403,0.659968745291042,0.49250250169305254,0.5252096537748316,0.8877486414961584,0.6399447975731837,0.48251017655835404,0.5652672448367781,0.7476555210525759,0.5790551359158905,0.07018925617920267,0.06903386242483134,0.0004726426086295681,0.9304934949665391,0.965330251349325,1.110536671497605,7.0923662185668945
11,1.1140561510216107,0.6335093319211829,0.9411907318975191,0.8889143307030654,0.9573472448836696,0.9255704940099722,0.8273511847728051,0.7055404602208292,0.8075248577606734,0.8481755668210856,0.5078259178215315,0.3403261884029923,0.4147395308791674,0.6547906864760964,0.6014803205650163,0.430083558643966,0.6128787059926774,0.5904981707869953,0.72660780642646,0.5706080264143676,0.6234823624584709,0.870608491275018,0.6658163073964533,0.5116395584205388,0.6146563642727473,0.7410182288397988,0.6119713482710026,0.06820323777989286,0.06765378606571798,0.00027472585708743956,0.9320714880771945,0.9667677393906399,1.0792601284655658,6.778968095779419
12,1.0931305397640576,0.6373042963038631,0.9410257629382918,0.8886200721457747,0.9621118608189053,0.9208441086031439,0.8201409415287791,0.6951177224434423,0.7943945454885284,0.8476121238956102,0.5442394383812579,0.3738523028650312,0.42610090115659044,0.7530170640931375,0.6202007697787492,0.4494862413275154,0.6160331959008691,0.6244251164884276,0.6865271323432771,0.5226808632659944,0.5894146159825779,0.8219528748354161,0.6677770705080158,0.5102842824754958,0.6064858146321415,0.7617517948281478,0.6169891135010946,0.07766507793604038,0.07737996384670102,0.0001152943105795641,0.9225047418427195,0.961341884939963,1.057313241741874,6.332916498184204
13,1.08993690664118,0.6080022787735788,0.9430546841319343,0.8922454832560629,0.9623195557743559,0.9245460088370347,0.8201529782815993,0.6951350159676455,0.765219756967532,0.883583217777667,0.44883647305144286,0.2893547103537125,0.47788598265320176,0.4231162786031508,0.601461950688434,0.43006477441532975,0.7019028242105608,0.5261683279078263,0.7029915127448527,0.5420099557194034,0.5703456236227501,0.9160346720232065,0.6433607286915822,0.4891411141140228,0.6288385468635111,0.6872256240779627,0.5844299788282432,0.07903782213733151,0.07834538032283435,0.00028338514163015117,0.9213712345355355,0.9614316875395854,1.1604806970466266,5.4845476150512695
14,1.0693471174348483,0.5788545829876984,0.9341321425742513,0.8764052092070199,0.9686414695318607,0.9019971219547004,0.8231500365956345,0.6994519796002239,0.7632010210223739,0.8933198107031175,0.40565195014167726,0.25443123926279737,0.2876360661926574,0.6878906132439488,0.5450645443074726,0.3746314258648884,0.6455506458035117,0.47164803859318666,0.7044154366446335,0.5437047156692767,0.621931694112947,0.8121233653543583,0.6195704919223545,0.4680548400992966,0.5795798567828725,0.7162454569736527,0.5517106436979278,0.08980196601804867,0.0872638074245196,0.0009262493716475189,0.9118099432038329,0.9503838254125961,1.1766683554107493,6.57124662399292
15,1.0672044781121341,0.6459470890093475,0.9442551439003677,0.8943971059341417,0.9574067911609012,0.9314599220106681,0.8178843855218237,0.6918818899815178,0.7790343651218008,0.8608126442575899,0.5155513642713515,0.3473015851560878,0.515578519651834,0.5155242117512255,0.6343378916163828,0.4644910975579297,0.7236204268948638,0.5646674662124519,0.7306395789694826,0.5755966287150502,0.6213602770993751,0.8865598083290797,0.6746033050947602,0.5198178003526464,0.6598983971919684,0.7068910326375868,0.6268429449524057,0.07024883153382187,0.06988013251102279,0.00014849788029882866,0.9299713696086784,0.9655679392478361,1.1195768930695273,6.705188035964966
16,1.0541001856327057,0.6159089381416427,0.9391643865902664,0.8853062385147574,0.9649950603177571,0.9146805162052597,0.8309065728840703,0.7107272640595182,0.7833497808833073,0.8846108778390872,0.46329366817965834,0.30148484364664063,0.3786392007205871,0.5967015438941145,0.6006456552079138,0.42923056439800944,0.6057033739952447,0.5956717024614389,0.7121216127898803,0.552941659602287,0.608325937878157,0.8586245063609015,0.6517418772653807,0.49859608292661384,0.594004573369324,0.7339021576388856,0.5920203120591508,0.0703876212744118,0.07024851042323035,5.844302031882726e-05,0.9296930465564508,0.9651000378754163,1.1079532436349175,6.120945453643799
17,1.1105614534833215,0.6541339133469413,0.9416914162541213,0.8898079735127998,0.964510783066668,0.9199268607461597,0.8292380830001951,0.7082892524598009,0.7891445089725226,0.8736237407923161,0.5038298511895619,0.3367463597573729,0.39160522121751296,0.7062136974207885,0.6522214695345563,0.48392332626734846,0.6231882727383822,0.6840920619882929,0.7479823627656208,0.5974215861829728,0.74230027362846,0.7537521123424225,0.6833179416224835,0.5315951311668738,0.6365595691392194,0.754420403135955,0.6346778944965796,0.06682338884621065,0.06671529510005272,5.404687307896372e-05,0.9332306580268683,0.9649722917100184,1.0416241599754854,6.579258680343628
18,1.0515676642006093,0.6080908237623975,0.9400190720202201,0.8868264015012088,0.9638617224762848,0.9173275189903659,0.8210165117736322,0.6963765989706507,0.7831870144520228,0.8626859673292813,0.42530221218038866,0.27008497469808407,0.3118573708423546,0.6684740627789759,0.5963839381277056,0.4248910755069192,0.618710595304274,0.5756125091964371,0.7316110916420203,0.5768034447645425,0.7087646476033997,0.7559794664370644,0.6435784384309367,0.49203902348504913,0.6056299070505128,0.7156880014354396,0.5844324139833715,0.09078383362525584,0.08981980726913905,0.0004224849639585601,0.9097577077669023,0.9513557982440634,1.3653560849753292,6.798020362854004
19,1.0338800935582682,0.5856430397441101,0.936280437297246,0.8801948089760577,0.9651347478632292,0.9091013388096603,0.8257590746948701,0.7032279806465562,0.7825564030617336,0.8740106715092797,0.460428456137118,0.29906272168545933,0.44419372284278924,0.4778949269183071,0.6629325163417703,0.4958108131745007,0.5867719624185095,0.761812617370275,0.553529468436522,0.38267593867827815,0.4314306950602907,0.7720173269017563,0.6256623789025701,0.4701943635461986,0.5612381958458308,0.7214338856749045,0.5589634803051368,0.10935248131501515,0.05550289349044807,0.0219069166712569,0.922590189838295,0.9068914353453016,1.233082497661764,6.226166248321533
20,1.0482257895848968,0.6487870170525825,0.9359460728715608,0.879603983415951,0.9710643761147995,0.9032792036432081,0.816456011285355,0.689840022061237,0.7391671308449039,0.9117952538160747,0.5348915754981654,0.3650866833832035,0.4411643007711687,0.6791880260425208,0.630074398216955,0.4599332966672593,0.7038492794002726,0.5702978812035996,0.7255054126983694,0.5692495048052066,0.6154026737051622,0.883590002869557,0.6767318494247112,0.5210273767292266,0.6248958461803769,0.761217790982938,0.6301571288044966,0.06345282357519386,0.06310633312903409,0.00012877693701640738,0.9367648899339495,0.9676627158998968,1.0686890509995548,6.435172080993652
21,1.0202479592778466,0.6316815736984667,0.9436135917357764,0.8932466229722257,0.9616707073627611,0.9262220883678596,0.8301525138683772,0.709624565346952,0.7871962836572255,0.8780674605727029,0.4435290619369863,0.28495813901218503,0.3931287354361441,0.5087527462054457,0.6410329707599403,0.471706050969028,0.6172601052513524,0.6667103393366233,0.7443257083418368,0.5927697280151589,0.7268177497275935,0.7626979680517819,0.6647600637267851,0.514764620835831,0.6311007185180789,0.7040571285416385,0.6096292470129211,0.07067497389215321,0.07000991743536873,0.0002795406687864472,0.9297105418958448,0.9630142760257564,1.164316788315773,5.817525148391724
22,1.0355510007251392,0.6391434713367123,0.9425496999857628,0.8913418436526735,0.9708744159334532,0.9158308491913105,0.8354805447461707,0.7174466179820602,0.7859639006179152,0.8916559088957621,0.5489998484757105,0.37835960795660906,0.43157740649422843,0.754200816588548,0.6005132722149922,0.42909536781776775,0.6922992569458153,0.5302164484712707,0.7024716021829484,0.5413920831056794,0.5595801304999646,0.9433641701169728,0.6718663169049555,0.5165734192155291,0.6173551736394809,0.7798593360181384,0.6173282409578836,0.07131869217478261,0.07104732065992068,0.00010403246780739477,0.9288486468722719,0.965248745619792,1.0268890735777942,5.744951248168945
23,1.0252326984297147,0.6154397192867005,0.9431793694394709,0.8924687332600768,0.9620019240010148,0.9250792449721292,0.8310097309757319,0.7108782279850444,0.7876893736377569,0.8793723544983394,0.5041164109209387,0.3370024342811979,0.4240339763794203,0.6214901236920728,0.6023259968337769,0.4309488446299327,0.5560683221159566,0.6569780528035953,0.6680200795423751,0.5015241365747204,0.7471855666617413,0.604022902119375,0.6513680545682057,0.4950884108677239,0.6287443096987188,0.6904658582783456,0.5914874957656969,0.07980387557398434,0.07452119882888653,0.0023207279336063488,0.9231580732375071,0.9527626670364217,1.1454604240981014,6.5249176025390625
24,1.0236469304019755,0.6052055126626064,0.9389092046375641,0.8848528408135535,0.9655701564770472,0.9136809963333906,0.8328379427118403,0.7135581023314758,0.7868658376844294,0.8845151424039622,0.46248287758103857,0.3007985217448626,0.34322706018095966,0.7087366953241421,0.5805549870288342,0.4090013926031719,0.6056485050221689,0.5574581162297533,0.6967011966948681,0.5345675104803688,0.6475612189405808,0.7539115344146361,0.6431442510041453,0.4894813817899698,0.5958256554570347,0.7261553720931234,0.5799130204349137,0.07984744185435272,0.07508153984014823,0.0022632387764136928,0.922655221383438,0.955162673274317,1.1277876171198757,6.417223215103149
25,1.0299471515146168,0.3964618908368549,0.896348283714804,0.8121658948094976,0.9684189574775725,0.8342617210102632,0.79943531828705,0.6658827553934255,0.7468827897775567,0.8599430473885374,0.4891825341977087,0.323786655416998,0.387859432429483,0.66216406007039,0.2654484226184259,0.15303576214155515,0.5738819719724668,0.1726548616080219,0.30043023987769846,0.17676840746806383,0.1776094842459463,0.9739094391531056,0.46362412874522074,0.3298683951050106,0.47155841960636324,0.6671678520550137,0.351687065564611,0.21443755717847418,0.10973916343284755,0.03548479490678021,0.8547760416603722,0.8277105562627698,1.3609319478273392,6.33742618560791
26,1.0201272957704284,0.6020059736933455,0.936941675933494,0.8813643190802748,0.9669404204061474,0.9087483067568237,0.8218249450013487,0.6975406086850903,0.7586271932692946,0.8965089973857201,0.5271177274082406,0.3578817786167642,0.402740473503801,0.7626425769689534,0.5507400950594936,0.38001471867263314,0.6513614179295873,0.4770466524898301,0.6548871081763012,0.4868640484802788,0.5780368179425394,0.7553053388174181,0.6386424689113461,0.48057528861369164,0.5976914756613056,0.7228758914154805,0.5775816435480118,0.07830710911081894,0.07738647368448999,0.0004088536210094396,0.9222046726945006,0.9579197832323507,1.1028590513901277,6.530086278915405
27,1.0130584036762065,0.6463826686741317,0.9430773884108816,0.8922861315200112,0.9633404630429173,0.9236491871354702,0.834052006972008,0.7153423754398831,0.8037684826558019,0.8667068556045325,0.5084480137508078,0.34088521113461334,0.3971993726233484,0.7062588405244271,0.6370044998554987,0.4673562750485714,0.6264152046403569,0.6479579667348414,0.7311390463167966,0.5762168377823219,0.6739964183876337,0.7988685587788816,0.6776608917237777,0.5249501748513474,0.6253448695767853,0.7549480554106707,0.6255305199743677,0.06847891465753703,0.06839559386377589,4.020953728771333e-05,0.9315641965989364,0.9650982970623516,1.0514035793867977,5.5645270347595215
28,1.0285344103520566,0.6102866175173348,0.9454028571885437,0.8964587697138919,0.958587378607368,0.9325760979257116,0.833144258896783,0.7140079356417077,0.8187084510818383,0.8480982804021046,0.5527154247654313,0.38189823495897474,0.45982990229703624,0.6926256232255904,0.5369689414738288,0.36702497759327185,0.7499156646827335,0.4182128471557193,0.6668896058529281,0.5002508485275191,0.5088284196050687,0.9674004636904402,0.6474295577472429,0.49079549918036836,0.6343206094166692,0.7315843036184636,0.5855246573640628,0.081334307815147,0.08045473940356643,0.0003307886965742458,0.9192144718998593,0.9619071173439467,1.0648383714935996,6.771774768829346
29,1.0244805718010122,0.5457448094422022,0.9446036777871953,0.8950227112850697,0.9462594201456106,0.9429537196653142,0.8208841226285345,0.6961861326627912,0.8550085467315794,0.7893790509925781,0.5408180722570829,0.3706310104139159,0.4354239363330139,0.7135268802102307,0.385708860885979,0.23893388964376613,0.752336585223157,0.2593316737718654,0.6189943907881005,0.4482200410042816,0.4534553112513092,0.9748887461681321,0.5916013616399242,0.4384927684311887,0.6240560948847649,0.6842815877857016,0.5151737746437207,0.10394389794616887,0.10370525090159254,0.0001022138179749665,0.8961925352804325,0.9548462425533168,1.1321768218820745,6.6053876876831055
30,1.0258939130739733,0.6801175735994598,0.9468583832687716,0.8990798276566624,0.9530458308779411,0.9407507588033032,0.8298577026599093,0.7091938344133877,0.8235043425362296,0.8363098577082192,0.5553629035043357,0.3844307368622265,0.5133341562979992,0.6048874933539016,0.6833232482728893,0.5189757071176055,0.6510968448595658,0.7189058988339155,0.7517531926676713,0.6022472384882513,0.7263083691460682,0.7790455628282031,0.7050742617762014,0.5537118792203677,0.6785609282099657,0.7347872031810598,0.6634797814816321,0.0569765290845029,0.056190332942612435,0.00034577070561427894,0.9434638963517733,0.9709655076833054,1.0525689775293523,6.4518961906433105
31,1.0176936150951819,0.6422284347342491,0.9407318027905548,0.8880959564998131,0.9673789447594867,0.915513335953176,0.8395594128748363,0.7234833236527279,0.7975189479937436,0.8862787686229061,0.4968846679368591,0.3305698886424416,0.37894320831520956,0.7214168915461653,0.6362133015888747,0.4665049910884837,0.5644110340880863,0.7289472534929492,0.7278103419634845,0.572092641506597,0.7597140408328704,0.6984782024477801,0.6751169310910137,0.5231627112225625,0.6251468078074776,0.7587802790274502,0.620302770496406,0.06751364154163196,0.06308026805950728,0.001587720755428556,0.9353320111850641,0.9597676491455864,1.057373365217989,6.682065486907959
32,1.0206871926784515,0.6567273683065706,0.9452832716654641,0.896243746089176,0.957762926446775,0.9331246536773709,0.8342174764189447,0.7155858485992672,0.8115314452168144,0.8582083412489542,0.5013997773847894,0.33457874209426947,0.4824153917477755,0.5219395483683014,0.6599895587260319,0.4925256836794272,0.6063014053129435,0.7241096654337292,0.7496293994380991,0.5995257718801331,0.6953617102500206,0.813084452703989,0.6863090529919663,0.5355540115632742,0.6489024881318886,0.7293355019387434,0.6370062451829734,0.05968568458179503,0.05925465685827834,0.00016868144932118432,0.9405766616924005,0.9702107219331912,1.087849962440404,6.648194313049316
33,1.0088340253992514,0.6451440391344132,0.9457657379199114,0.8971115547448061,0.9625806820075382,0.9295281751011737,0.8368098489391904,0.7194093314631612,0.793903931022073,0.8846183571699564,0.4839358476468388,0.31920538909629714,0.4267692826331635,0.5587863527381519,0.6418764506483045,0.472620072713345,0.6213538194487924,0.6638010676287869,0.7457312158398374,0.5945545526265859,0.760890380440414,0.7311642821679246,0.6770883407685427,0.5264473364748472,0.6507293533861107,0.709592514926205,0.6238478380449936,0.06682669906143912,0.06640734207548425,0.00017223590494574984,0.93342042201957,0.9645431965067126,1.0811131271449002,5.808080434799194
34,0.9911446889693086,0.6543650618806232,0.9467298893463287,0.8988481489888455,0.9457568261761683,0.9477049568945697,0.8295302081139315,0.7087156062158985,0.8394053156688854,0.819884748497523,0.5218569545299887,0.3530490206135981,0.5092387957822542,0.5351163187303484,0.6767636303719066,0.5114457597338535,0.6152150611515566,0.751996344933441,0.7060862186622049,0.5456980432901585,0.8044118846014509,0.6291797051146869,0.6835592529195079,0.5297271074633771,0.6920677643010368,0.6840442793189998,0.6349022678547,0.05809683578698748,0.05798449211521289,3.9231123476840485e-05,0.9419762767613102,0.9697322182798032,1.1027524417096919,6.738182544708252
35,0.9931109581481327,0.6647664923850762,0.9437273057212949,0.8934504421377061,0.966382546082133,0.9221099628459571,0.8317036530416663,0.7118944223415675,0.7767890258052115,0.894973241447256,0.5300251529079537,0.3605674981149965,0.4826803444155859,0.5876679072660038,0.6679739852524982,0.5014721768621906,0.6653877436731425,0.6705804097839992,0.7406546187759133,0.588126680590193,0.6687539917338745,0.8298784292826084,0.6925893524945079,0.5405151944772368,0.6484027764069535,0.7457749969449669,0.6462179189787883,0.05973439718754202,0.059640112944324745,3.4844176841166304e-05,0.9403250428788341,0.9697822484849009,1.0727004124359651,6.150881767272949
36,1.0014137781479142,0.563214137391227,0.9426473409472899,0.8915164991326683,0.9691964511542224,0.917513964397891,0.8314010711385693,0.7114511665252047,0.7741646572807386,0.8977764946570108,0.5511648383399896,0.3804192864207476,0.4511988134926706,0.7080344692675427,0.5942602383203125,0.422738443145582,0.48393167158768763,0.7697509649980089,0.4548216909309318,0.2943490005402358,0.8519834369564968,0.3102125779459919,0.6079119596824508,0.4522394741579426,0.6403196448293984,0.6714436267171385,0.5334155891970779,0.09195004567706719,0.09158901024367053,0.00018011205890800167,0.9082308776974215,0.9459060779545355,1.1047125147147612,6.072914123535156
37,0.999190438200127,0.6222754424417822,0.941592142278422,0.8896307178835354,0.9672124007529578,0.9172941562698471,0.8367571412011588,0.7193314232465526,0.8005221133018621,0.8764279912461868,0.5264906319740488,0.35730389191850476,0.40571935835031187,0.749636347220652,0.6250268776116538,0.45457388761605316,0.5086255056930549,0.8105177227053939,0.6438149181531854,0.4747249669465884,0.8321636920232749,0.524990548548552,0.6580223922350117,0.5014835424319247,0.6367576673421259,0.7403931524301961,0.5984441425796293,0.07540710392000277,0.0752486126911443,7.924561442923754e-05,0.9246721416944265,0.9584094959958749,1.0598545169288462,6.644063234329224
38,0.9710118513215672,0.6769441700815757,0.9428567533290247,0.8918911947819301,0.960283550740983,0.9260511895341816,0.8309290796769758,0.710760198746012,0.7766963984562674,0.8933038547972633,0.5535271057087718,0.38267368015907427,0.5148797707617461,0.5984470772348044,0.6742450592885257,0.508574426980214,0.7066289615252648,0.6446993136671724,0.7517320420489625,0.602220090054133,0.7404802092630396,0.7633311014242875,0.702608321680809,0.5510570989848583,0.6846713350015794,0.7249453367808819,0.6598347356820867,0.0479226835964742,0.04789668333060051,1.3000132936843258e-05,0.9520903165364627,0.9743390843720162,1.106203775514256,6.428070545196533
39,0.9890216372229836,0.6543145381052872,0.9448575506144385,0.895478663724178,0.9708879542138251,0.9201864998772719,0.8391813904056079,0.7229220685037355,0.7807163716652722,0.9071116968258173,0.522385183423596,0.3535327187865841,0.4417430620085003,0.6390457751070574,0.6440716795953147,0.47500422397187453,0.5904928334985468,0.7083438315712852,0.7348644671968438,0.5808582939478486,0.7579021249818114,0.7131860273385754,0.6851256801553407,0.5330793263025106,0.6427135980385326,0.7419218327106838,0.6337737767385848,0.06692564623874528,0.06622333559234518,0.0002932681447058444,0.933483396262949,0.9636228572765468,1.0357551168311725,6.471789836883545
40,1.0119402415373109,0.6685687910108415,0.948051093408571,0.9012330232658237,0.9553740963240379,0.9408394991007375,0.8371072830168149,0.7198491062773756,0.8333269097927329,0.8409221117441907,0.5429141436794371,0.3726027133709234,0.5080980157237707,0.5828526428778937,0.667488902116736,0.5009255856683394,0.6129346830263377,0.7327031031111492,0.7391238299010272,0.5861985874814412,0.6969398624874634,0.7867433714579473,0.6966585396785038,0.5448939981995199,0.6628248677575761,0.7358053072977953,0.6498422918990667,0.06057604095194776,0.060489096869413415,3.512026979219936e-05,0.9394757828607944,0.9699838516377967,1.0628014233979313,6.564070701599121
41,0.9942966069687497,0.6670010251608733,0.9455137355098608,0.8966581807180125,0.9609240584393166,0.9305898812684315,0.8333424673353389,0.7142991357814951,0.8180832130427746,0.8491817861340144,0.52480522650045,0.3557531764130875,0.41935890358350275,0.7010924631080173,0.6755056661780906,0.5100102347957033,0.5880629195132007,0.7934954597220135,0.7452450354125911,0.5939367099118386,0.8182848301935685,0.6841757651120425,0.6947245988566177,0.5434998142255311,0.6609474665832616,0.7569863685190219,0.6485186426970438,0.0668877418803841,0.06659552404329011,0.00013438671304752642,0.9332700892436624,0.9647278434385388,1.0397458293221213,6.47099494934082
42,0.9844374053857543,0.6206793676194894,0.9416446531016739,0.8897244728448807,0.9647349094587754,0.9196338588945286,0.8217772555194021,0.69747189940869,0.7413358912090104,0.9218006040307564,0.41860063236964684,0.26470266836953316,0.4533385579020362,0.3888075198378666,0.6321246882412491,0.4621215711748554,0.7309315400727271,0.5568500582861985,0.7442801529476013,0.5927119450207622,0.7089448255391831,0.7833226292798775,0.6541956822694748,0.5042520209934602,0.6586377036807392,0.6626952028586748,0.5983351578528324,0.06695002904113949,0.06662107475712827,0.00012943815185403665,0.9332494870910177,0.9635581774040398,1.2169327898459001,6.238198518753052
43,0.9936829676682298,0.593033860773245,0.9405021716188393,0.887686738401212,0.9627268199400812,0.9192804864057684,0.8241288837206565,0.7008666785934335,0.7756799257990734,0.8790332914989383,0.5418534758831233,0.3716042708474004,0.4894565639564794,0.6068135991091456,0.6142072748763617,0.44321727466245947,0.49207720651466913,0.8169745589899916,0.546009157244446,0.37552448144010864,0.8402388703815075,0.40439913820980833,0.6315496979311469,0.4728031763858505,0.6493631416629324,0.6768051469519709,0.5673566360013104,0.08004673510297833,0.07989518648369005,7.016908673895605e-05,0.920034644429571,0.9551762405140257,1.103957486423579,7.140964508056641
44,0.9922318898818709,0.6834442661110808,0.9463528751412057,0.8981687064044639,0.9642848856252537,0.9290756222799869,0.83935769074575,0.7231837785450579,0.8005046745970916,0.8821746104639784,0.5659675558270421,0.3946685851682035,0.5155137166974201,0.6273687589658905,0.6728691514076486,0.5070104067894594,0.62855317696679,0.7239080992645951,0.759524949553662,0.6122855508302048,0.7155682472681874,0.8092355483891169,0.7094298368835257,0.5592870803332314,0.6650349538823722,0.7606717542708952,0.6661205522627842,0.054874451551077424,0.05394302373797319,0.0003877848596057576,0.945669191402421,0.9713530685017685,1.0199156809936871,7.138278961181641
45,1.0018505189906468,0.6610763605075072,0.9465599468027326,0.8985418239318452,0.962563576387511,0.9310797685625798,0.8367364771090564,0.7193008812221654,0.8151778658369581,0.8594663647011441,0.5680603359245344,0.3967068935766253,0.4617265044701691,0.7380245377847406,0.6348476156457684,0.4650379129257978,0.6855754657065888,0.5911095881667022,0.7217677577517021,0.5646608917344913,0.608065990497,0.8877714160779032,0.6903530466077653,0.5364266448647699,0.642636456627679,0.7690929766826226,0.6415585697740016,0.06739708788650173,0.06694265535912029,0.00018934688640893018,0.9328679977544708,0.9668833242570388,1.0211686207489534,6.5342698097229
46,0.981588451699777,0.6532093786666817,0.9441373932927345,0.8941858413160888,0.9663846753646124,0.9228913767694006,0.8352530307772909,0.7171111433195614,0.788316099187947,0.8881331440563957,0.5350369021374383,0.36522210212535583,0.43300629258664924,0.6999739173178626,0.6204149162333195,0.44971123820750575,0.6485650631723738,0.59460676120118,0.7434951002590846,0.591716833266937,0.6808304361986305,0.8188646415508206,0.6835499873517833,0.53094032922984,0.6376794727864001,0.7503946160315647,0.6329823062099474,0.06669574710838874,0.06599798049451236,0.00029927710230890237,0.9337027424031787,0.9653502054395147,1.033663042566993,5.825994491577148
47,0.9791669561104341,0.4478728535835609,0.9370299984939456,0.8815206423194708,0.9737012476514371,0.9030206992985081,0.8201043588772237,0.6950651653368438,0.7396216388649297,0.920241412855569,0.5572883008144289,0.38627835424709256,0.492131446161395,0.6423311898718617,0.5489291442376628,0.37829244661472883,0.4126029491083451,0.8197931259217177,0.11332394726737005,0.06006539760932119,0.8945241462915777,0.06049384403055162,0.5099114377991714,0.3799253409519966,0.6347200451065619,0.610714893169925,0.4065137974398206,0.11027980872511195,0.11011228963890463,6.780534441724697e-05,0.8898199050166781,0.9316669377775914,1.2396546019749208,6.763368129730225
48,0.9867198805917393,0.6245511291239689,0.9495840734759095,0.9040076882860664,0.9532234665496948,0.9459723650004171,0.8386623471898493,0.7221520331838835,0.8399728101980722,0.8373559667857833,0.5400007923127932,0.36986375709628744,0.4810941176470399,0.6153456456968281,0.6282822056595574,0.45802584777406913,0.5518116936590581,0.729357104703522,0.6339999833775959,0.46412882552171236,0.8091305085704015,0.5211917483135184,0.660236332134949,0.5035426158939881,0.670502282518643,0.675812616374913,0.6007609937833155,0.07805026728951356,0.07723748235543344,0.00035970056657162557,0.9224028170779949,0.9573673388705575,1.073618544773622,6.585031270980835
49,0.9799821011044763,0.662630255303163,0.9446270104191892,0.8950646072478989,0.9642172385008831,0.9258169696187029,0.8358017874414143,0.7179205211151745,0.7986024932182321,0.8766359166443489,0.5553817834553473,0.38444883021325277,0.4583737210554508,0.704473179980503,0.631248769082596,0.46118590056682707,0.6829384627413917,0.5868330259449057,0.7435363693254617,0.5917691138630816,0.6355849478631113,0.8956605311943038,0.6914921773262048,0.538831091439584,0.6438749062195465,0.7659006634410153,0.6433889739544684,0.0620277373511834,0.06164085449856717,0.00013392098744408076,0.9382252245139887,0.9692401957167444,1.0393709228797392,7.06038761138916
50,0.9754820377989248,0.6678643268929824,0.9472621890526126,0.8998082705893748,0.9583636599925359,0.9364149668795554,0.8362129383117776,0.7185274401476361,0.820227176161749,0.852834192708446,0.5598439340796062,0.3887383786574643,0.5057585224513376,0.6268822166266752,0.6524130103600404,0.4841342454147234,0.6560206240892672,0.6488448578790318,0.7352198324330355,0.5813024676433415,0.6392143929246686,0.8651608113216607,0.695922428796115,0.5431756329657913,0.6553051789067557,0.7484305196339534,0.6491589256242273,0.062054519400287445,0.06098919486765733,0.0004243528618856244,0.938586452270457,0.9689867623943634,1.02531997859478,6.97398042678833
51,0.9730938280170615,0.622536171570408,0.9343406879340117,0.8767724143681628,0.9690029618855611,0.902072585251112,0.8092731193565645,0.6796463005179292,0.7356876644017541,0.899215019294176,0.5436590217102009,0.37330476160097276,0.4694460245919402,0.6457420021467729,0.6323131065930305,0.46232299924868786,0.5175652047365483,0.8124359607483207,0.6293907371459403,0.45920508069188265,0.8154467243115715,0.5124645285889091,0.6536589962014341,0.4936197855148681,0.6345364045104536,0.7174643776945446,0.6017876218163906,0.07357589839449327,0.0733838259613043,9.603621659449092e-05,0.9265201378221012,0.9592981826214816,1.1130747957663103,6.791125535964966
52,0.9719140028411691,0.6605921194345692,0.9474124574462044,0.9000794890157883,0.9639168005982462,0.9314637802844695,0.8410017750161096,0.7256281820688718,0.8060898600939742,0.8790746771297475,0.52535494712045,0.3562585763228824,0.4702264179358646,0.5951265511671702,0.6755718505543993,0.5100856930873829,0.6051869443461774,0.7644833691113027,0.720713008768345,0.5633708571322736,0.7494258413207002,0.6941191475018245,0.690660395364826,0.5388358271528527,0.6577322659241791,0.7332009362275111,0.6405466021477314,0.06354673213968479,0.06339972428780907,5.3419754625260423e-05,0.9365468559575657,0.9665547073089121,1.070325649597428,6.7894980907440186
53,0.9516656615517356,0.6629693848774478,0.9435815892218958,0.8931892700799313,0.9683407037976263,0.9200570207476394,0.8329727541196671,0.7137560473074682,0.7828818427623153,0.8899117289370779,0.5300491103985994,0.3605896728579349,0.42191624625488316,0.7127092884443329,0.6501348910392989,0.48162952484923166,0.6438296596685089,0.6565648421568703,0.7520563634470389,0.6026364824651458,0.717917710641264,0.7896038589250949,0.691303279751151,0.5396529318699452,0.6416363648317429,0.762197429615844,0.6440801216283124,0.0660920698063147,0.06537738494530178,0.0003133868695785598,0.9343092281851196,0.9651399944282039,1.0552951178767465,6.385264873504639
54,0.9535598416220058,0.6935033501325985,0.9483433467320045,0.9017613721979056,0.9626482625368421,0.9344573468398628,0.8346617805625105,0.716239943598008,0.7980299330817647,0.8748184392431472,0.5718111938235886,0.4003750704043523,0.517911292193578,0.6382331992415639,0.6998693744965532,0.5383069675983859,0.6865906079312017,0.7136718973087317,0.7617766719343496,0.6152175093683587,0.7499602775276402,0.7739713860154606,0.7170297552042505,0.5675348727422762,0.6881230276835462,0.7501737304522258,0.6778190800848304,0.05768311889825655,0.05762568093126091,2.871898349782235e-05,0.9423456000852413,0.9700703245969461,1.0460453886877408,6.647886753082275
55,0.9771720319986343,0.6497683085588154,0.9386827231503108,0.8844506196456212,0.9715858875166019,0.9079351188138386,0.8380304760556286,0.7212155386062854,0.8003190742128832,0.8794715802878701,0.5241644815331213,0.35516456608771124,0.3819256493297893,0.8352226558189041,0.6527768143559509,0.4845350208576514,0.5347027166105505,0.8377761876446376,0.709609573955103,0.5499185049985897,0.7580710291985525,0.6669718460620166,0.681145336474951,0.5277084076375594,0.6187546173379439,0.8048605674533571,0.6288502899480584,0.06526863487528922,0.0649655944636044,0.0001394628950326693,0.934894942641363,0.9650983196962475,1.0180749215862968,6.632757663726807
56,0.9653583771803163,0.5950725413711615,0.9449856456579789,0.8957088041208091,0.9655165350051171,0.9253097200924478,0.8288793472931898,0.707765972171528,0.7796536142196004,0.8847400209520945,0.5322566150669389,0.36263601698413606,0.4562113748320481,0.6387247574811834,0.6139506037214688,0.44295001705559234,0.5237890730660874,0.7416056089145748,0.5610748033510673,0.38992631768332126,0.8272849939634235,0.42448176439237756,0.6340403423581662,0.47581958097364435,0.6467347640202898,0.6723880379350576,0.5690940073798251,0.0888039449039711,0.08835431404966837,0.00018470654490569888,0.9114609794054259,0.9490551294545352,1.1041939773342826,6.681154251098633
57,0.9680003882809118,0.6684436301601206,0.9438545880477205,0.8936786330425943,0.9672610816480289,0.9215541444612597,0.8354659749485865,0.717425130546702,0.786200566220381,0.8913183417625348,0.5453860506756486,0.3749352540782199,0.48851907136276523,0.6172366401492422,0.6646853246559742,0.4977742976461537,0.6289315341189967,0.7047492348883926,0.7395854002192505,0.5867794615739155,0.6603673638849281,0.8404002860487084,0.696280687624865,0.5442285359612478,0.6410046338967678,0.7634261257122196,0.6498855918502912,0.05826657431754613,0.058083919198605775,7.559551902453176e-05,0.9418404852823697,0.9707920392877039,1.057614741000262,6.692837238311768
58,0.9515437585386363,0.6402694183676467,0.9411841856966764,0.8889026523616425,0.9658527701145295,0.9177443260395683,0.8328771490090049,0.7136156646250352,0.787920396257329,0.8832745707238003,0.5056063448159838,0.338335446662295,0.4082888063477051,0.6638343549050156,0.6250939299243788,0.4546448252206771,0.6433752933646026,0.6078227830240768,0.7259054034821248,0.5697421568744095,0.6221440838949549,0.871205185316732,0.672370706807873,0.5190845233456043,0.615432144966148,0.7565342234924062,0.6188685594074957,0.06644541864722639,0.06517457659122068,0.0005865740626718879,0.9342388493461075,0.9660995902661443,1.0697111690586263,6.421799421310425
59,0.9388165934519335,0.6576826590589815,0.9476206491248972,0.9004553807872668,0.9626966150048845,0.9330095863351734,0.8396634268587793,0.7236378187974143,0.8058607857080272,0.876425996757955,0.5262173454993365,0.3570522043344483,0.47406075814972876,0.5912693237562778,0.6428139967878906,0.47363736088238134,0.6821604582150019,0.6077589537371844,0.743356378956451,0.5915411231222014,0.6447235895050462,0.8776185075360691,0.6880127870256144,0.5364671267841113,0.651701397894451,0.7382681954468716,0.6374625737478927,0.06491656390055235,0.06374869150028542,0.000471808800107842,0.9357794996996067,0.9671874620313543,1.047220310026949,6.532842397689819
60,0.9712258936329321,0.6245867242276447,0.9447848768816082,0.8953481201914184,0.960792758758241,0.9293016717332979,0.8367928269277176,0.7193841701625396,0.8141774659512963,0.8607004542945527,0.5107026985395248,0.34291521111245254,0.4144454965639314,0.6651986798149802,0.5794574215349094,0.40791274427058605,0.6424863896466976,0.5276901524847892,0.7128646850418091,0.553838183722715,0.5962204946389921,0.8862500740173502,0.6599544080109903,0.5060125773170733,0.6168324617002293,0.734959840152918,0.6010082683720811,0.07439594024270434,0.07427617103712594,5.7371962112728784e-05,0.9256664570007613,0.9639353210799969,1.0645705800164829,6.653748989105225
61,0.953668774528937,0.5515547107444191,0.9448275817971907,0.8954248286800749,0.9685309685072521,0.922256690729055,0.8362568377047791,0.7185922674342088,0.7860551051237455,0.8933083423957848,0.5532627734730744,0.3824210529242074,0.4617667298880323,0.6899772278121299,0.5781955650276478,0.40666321668837047,0.46450242656604795,0.7655819047330839,0.4283050847457482,0.2725115927962785,0.837231800893113,0.28775684034561394,0.5990050652378124,0.44504703246076627,0.6373890156177346,0.6591560788216532,0.5199211410821568,0.09710493148611782,0.09647678924932934,0.00029332289684228343,0.9032298878538284,0.9429882865612994,1.12722946703434,6.608673810958862
62,0.9438459961251779,0.6480752640236982,0.9482533853762017,0.9015987046608036,0.949830963359131,0.9466810391148384,0.8344691791381289,0.7159563386930143,0.8496761243657586,0.819796991015325,0.5561599675518661,0.3851950043308172,0.48041094140616114,0.6602680497175717,0.6166017108421598,0.4457152474993469,0.6852358420818881,0.5604648115860046,0.7093328086389252,0.5495861469066222,0.6152101025918805,0.8374578100872796,0.67914091654277,0.5241131843574501,0.6576332526114221,0.7194969156015453,0.6273648290109837,0.06800571561317922,0.06789832870912176,4.865284224644637e-05,0.9320530184486318,0.9672377646933141,1.0627193925055591,6.641275882720947
63,0.9517207809469916,0.62595887284868,0.9446291717541241,0.8950684882243575,0.9635909847670668,0.9263992285268046,0.8320336536116874,0.7123781059142453,0.7819497757910437,0.8889723249799135,0.4671586749098205,0.30476649295864777,0.4238071895424663,0.5203896351433784,0.61026918459602,0.43912761941500245,0.709516855733411,0.5353799018372576,0.7317571654525302,0.5769850580024238,0.6226730562046839,0.8871792769525383,0.6603046696425146,0.5083143190725798,0.6344867193179012,0.707980284728272,0.6030616749861236,0.07188839779188645,0.07142146894902479,0.00021212738912615117,0.9283664036618491,0.9642789810062311,1.1492601389234716,6.676074266433716
64,0.959618900987235,0.6484666702787263,0.9408275734542179,0.8882666786582469,0.9686540009925382,0.9145552357853524,0.8384980511894476,0.7219084324809959,0.7963170165888038,0.8853977034465211,0.48853949062507157,0.32322345677897296,0.3700944866021158,0.7184825898096606,0.6605286306434281,0.4931263524958503,0.6389388644505575,0.6836284597992843,0.732988095930772,0.57851713435103,0.6550323103514816,0.8320055752175732,0.6801385670971798,0.5291938440267123,0.6150956694982397,0.7798785820682598,0.6273520723997572,0.063787325742777,0.06319820712922906,0.0002714008509310512,0.9365303920198399,0.9673555624819211,1.0259937847202474,6.7635157108306885
65,0.9505691189657558,0.3963570799191636,0.9484572560141459,0.90196738215228,0.9616063194006766,0.935662943924188,0.8394908677912812,0.7233815266869421,0.833588397207452,0.8454775228655568,0.4936192102782627,0.3276855451465532,0.3590864595859368,0.7893522466217514,0.4703294944585138,0.3074711140436237,0.38187976291277775,0.6121027046820255,0.07741127239667503,0.04026408315270575,0.8600425285126038,0.040529645673055364,0.47021271123118324,0.3497005672574562,0.6086492870546926,0.5718655299605973,0.3471199923778172,0.14680644690812275,0.14472194605789881,0.0010422504251119667,0.8542358035169892,0.9073848066635769,1.3514061935923316,7.064390420913696
66,0.9584143872965466,0.599227378338943,0.9443512164640965,0.8945695113681514,0.9574672958356596,0.931589628097583,0.8268599403558936,0.7048262767590912,0.8373345003581298,0.8166442037429522,0.549145809138592,0.3784982754280432,0.40340166953393775,0.8597704723974569,0.6000972300045886,0.4286706497527365,0.49538318877092447,0.760945882842998,0.5725615752013318,0.4011112250127975,0.8008071844325723,0.44556647217171824,0.6371661386751015,0.4782766067381671,0.6342316357738911,0.7207317577887813,0.5739348714481708,0.09553848327010762,0.09458278029393911,0.00038728664768834835,0.9050299330583725,0.9468769822876415,1.0961409089240162,6.697710752487183
67,0.9350549646399238,0.5587034541462481,0.9375001394027546,0.8823531881460891,0.9709831380585502,0.90624939359851,0.8297359407815408,0.7090159987786567,0.7673816683995132,0.9031197286299266,0.5203191243964611,0.35164279877864274,0.43105004777435896,0.6562202180913166,0.5723677350244981,0.4009209857934389,0.44213655827167686,0.8113508628711484,0.49307934080602117,0.3272098884554143,0.7901158937071133,0.3583580437545101,0.6038755352521302,0.4471974179515381,0.6076710420381656,0.6822622133367254,0.5285887334089935,0.08925168183441658,0.08890216791244757,0.00016791164223626094,0.9109299204453162,0.9490510149979876,1.1069520915096456,6.659526824951172
68,0.9551297554915602,0.6565140633317101,0.9402117964508838,0.8871695243466725,0.9712911198835669,0.9110597531998413,0.8343869991855078,0.7158353575350187,0.7769040381046194,0.9010559319321011,0.5393949606524822,0.36929556322319756,0.4393511521435126,0.6984340358937482,0.6350694961323564,0.46527606668092947,0.5384595607225957,0.7739267441352383,0.7357867545923594,0.5820115848850389,0.7762704837216905,0.699316307055989,0.6861595526406765,0.5331046430810462,0.6327463086731046,0.7681832547542692,0.6367504037923993,0.06256670546248316,0.061944523592202844,0.0002591753715786034,0.9377963010362186,0.9662960338729265,1.0318031934174625,6.668006181716919
69,0.9493049918250605,0.5895803511744866,0.9427287611591602,0.8916621643777424,0.9670921996988222,0.9195627077864835,0.8366631918629499,0.719192572615982,0.7848243928009752,0.8958343617413234,0.5354694757365045,0.3656253433200303,0.5068102927014755,0.5675641784456443,0.596712825032833,0.4252250256949682,0.4671940260485789,0.825588153284325,0.554197805857968,0.38331509531761365,0.7983224236607837,0.42441344064714315,0.6307608246225638,0.4733395092371485,0.6392877838029533,0.678350033529609,0.5621267022091018,0.08109170909013615,0.08052392814484832,0.00027510192669453386,0.9192009699284571,0.9546190093775313,1.090512072498148,6.746023893356323
70,0.9581901214339517,0.6248547970665256,0.9456751235697055,0.8969485067748261,0.959047760517935,0.9326702851979245,0.8381355091175483,0.721371137249382,0.8182061249059048,0.8590599877239207,0.5246108269441893,0.3555745402805287,0.4704281069292085,0.5928994913876693,0.629032023087235,0.4588232793764668,0.5192072237526669,0.7977821002522668,0.6498279704844782,0.48129272143021207,0.7999547152722211,0.5471456616698985,0.6604015824083627,0.5042654195841474,0.6519490427150003,0.6992218102584388,0.6011569401719675,0.07345844843219534,0.07229066064989562,0.0004508360921915526,0.9272585032579128,0.9595474322042254,1.1183268929069692,6.556035041809082
71,0.947717313062061,0.6476212867505633,0.9438859666047617,0.8937348967614026,0.9577477999973123,0.930419663306601,0.834176265596527,0.71552520417965,0.8184390391355731,0.8505305588007499,0.5077442480826836,0.3402528336247398,0.43432902871565865,0.611026955448742,0.6289898719752464,0.45877842848721095,0.5543357680689953,0.726881200259324,0.7439447472451055,0.5922866415417779,0.7455681667421167,0.7423283821392281,0.6787137832248906,0.5267107769583447,0.638168000665586,0.7326917741620109,0.6268929557676785,0.06554671192466678,0.06468710930764496,0.00033172442046726966,0.9349811662718878,0.9658833800576595,1.0712784284895116,6.546429872512817
72,0.9325745735656131,0.5719993968422501,0.9493795762856406,0.9036370841994562,0.9551829660167807,0.9436462798126821,0.8411621282634187,0.7258669644640555,0.8159920119633001,0.8679344631111879,0.5172551124655722,0.3488497022071587,0.5102810762795579,0.5244224190684207,0.608294535390152,0.4370856843338485,0.5296588004961683,0.7143505034114834,0.5007276321973033,0.3339804314083102,0.8680106076949762,0.35184906829184476,0.6168598520791115,0.4614456956033432,0.6809856241085006,0.6146391134707342,0.5420924266843424,0.08454001973466693,0.08428744001231595,0.00012007185442831431,0.9155924881332558,0.9508307986189547,1.1885577643459493,6.673696517944336
73,0.9222956868735227,0.642287193940207,0.948932881939894,0.9028280550639667,0.9591975026966154,0.9388856238562052,0.8425670623365965,0.7279618843727997,0.8215434700528228,0.8646949156007331,0.5565414610854564,0.385561099319116,0.4975415991462591,0.6314165905921455,0.6370442005646942,0.46739901677562234,0.5572230236474864,0.743557441319024,0.6665159640383402,0.4998304787036114,0.8288648341077568,0.5573486742915712,0.6756671720062718,0.5201881197927873,0.6762932317385812,0.6992544054508685,0.620033875229497,0.0703818057699107,0.07005229187252496,0.00015821730028124707,0.9297894908271938,0.9614823037634399,1.0828993157906965,6.244696855545044
74,0.9452315948226235,0.6777816771701961,0.9432234335365957,0.8925476429640904,0.9667669061851029,0.9207993980185031,0.8352919508251448,0.7171685225468416,0.7870445915491682,0.8898409246048501,0.5370169589795518,0.36706984559778366,0.43681518208884396,0.6968740908680168,0.6776353959289696,0.5124421765697614,0.6563168962651215,0.7003853273266379,0.7661892520504178,0.6209941462446451,0.7365974420080305,0.7982581999881209,0.704033389446021,0.554418672739758,0.654193527977791,0.7713396356969064,0.6602805356529796,0.05568048422296916,0.05558757222168558,3.847457321875005e-05,0.9443739532050957,0.9710342010235291,1.0129785537719727,5.516723394393921
75,0.9422463625669479,0.6359403638227044,0.9452142882568398,0.8961197309875955,0.9662325911392069,0.925090933272175,0.8358687760965098,0.718019376968284,0.7860581124988657,0.8924192992664727,0.4843160543532867,0.31953630949534023,0.40450057837676523,0.6033726914318086,0.6326443740244898,0.46267727429953964,0.5960412451985884,0.6740372695846503,0.7242178589990683,0.5676657759379463,0.7885434435110559,0.6695954778790182,0.6692617658683386,0.5169746841752775,0.6437858448963187,0.7098561845404875,0.6137260957922815,0.0742119366865952,0.07323951290184798,0.00041071569980252,0.9263497713983495,0.9592027988880404,1.1078902171416716,6.331851959228516
76,0.9276518449187279,0.7001922326812617,0.9471161354521382,0.8995447336054078,0.9662636647748394,0.9287127175853642,0.8398572828400677,0.7239258329320603,0.8050439427826933,0.8778176509216735,0.5928471830970468,0.4213097369210138,0.5234212052653818,0.683506716290607,0.7004448719490102,0.5389881943673321,0.6049414087315014,0.8317560780598304,0.7607296262781259,0.6138528301886561,0.7815911362238246,0.740952797401842,0.7234697410410627,0.5745191486022656,0.6787494232508502,0.7835083106684883,0.6846738937747276,0.053231739402043864,0.053007224694483504,8.496260414075717e-05,0.9469078127013757,0.9722387230727354,0.9943877770142122,6.135458469390869
77,0.9311885657635602,0.6326584586084774,0.9452851548863984,0.8962471318819671,0.9687300792494493,0.922948229568652,0.832187441715377,0.7126036073269849,0.7789372716702854,0.8932524967252952,0.5279885039737873,0.3586850411149134,0.470914780858306,0.6008045504248166,0.6381912581501965,0.4686350135212921,0.5394030342319316,0.7812771904363309,0.6652859526658154,0.4984483035857654,0.8093022041497797,0.5647822977730756,0.665913289126294,0.509592991387239,0.6496393227275756,0.7100291338398796,0.6104885715965996,0.07858568774216632,0.07750094528718435,0.0004769126310696585,0.922022142081746,0.9560696386565768,1.1085382903164083,5.600133180618286
78,0.9224141775207086,0.6465702231069144,0.9471771146707092,0.8996547547258734,0.9401242039110148,0.954336648687488,0.8192364949939309,0.6938192885540785,0.8657149805069368,0.7774943942415097,0.49813425723953725,0.3316769555739086,0.43106747009146906,0.5899150306471218,0.6264724093703353,0.45610471434588534,0.6938431457389942,0.5710268788486348,0.7575485787485314,0.6097208838841239,0.6868553645524346,0.8444632714319816,0.6753479350880838,0.5228304605894991,0.6693702402224587,0.695724893792312,0.6273850817861347,0.07160017727050079,0.06964681734049429,0.0008868098581790258,0.9294663728013267,0.9649968684663991,1.1769777766682885,6.057298421859741
79,0.9286834170872514,0.6720501892620405,0.948607465978463,0.9022391117331556,0.9622650408582707,0.9353321536850306,0.8418480257787637,0.7268890823631663,0.816506435789245,0.8688130351772833,0.5570018555252306,0.3860031682355151,0.46344217465016124,0.6978923186500858,0.6509389380731472,0.48251258333956837,0.6767489249377923,0.6270253200702584,0.7516104953488361,0.602064093416788,0.6946963196586081,0.8186824448968621,0.7003498286814944,0.5493672318387595,0.6628484637589517,0.7531032796986223,0.6531837629824047,0.06343118859902713,0.06257787478588993,0.00034182575807156914,0.9370802994560385,0.9670457893247756,1.0345582501454786,6.552262783050537
80,0.9324537014419382,0.6710825491622496,0.9483141505159597,0.9017085767401026,0.9625435481016722,0.9344993339371144,0.8448658075337693,0.7314005706384353,0.8184844494246888,0.873004452196351,0.5732118010042405,0.40174974912723127,0.5761454501231048,0.5703078759667861,0.6750170042997917,0.5094533337335913,0.5575618987541275,0.8551646291686116,0.7070910893922101,0.546899386020791,0.7712105639827608,0.6528151660494458,0.700046425557503,0.5473757598800122,0.6808505905711705,0.7378230308452987,0.6517732982320807,0.05836494705508345,0.05774287395274993,0.00023234055629324377,0.9420247854909568,0.968980492582302,1.0318078832192854,6.092898607254028
81,0.9307128441604701,0.6508358947977695,0.9484638774699367,0.9019793587193866,0.9515078125026757,0.9454393558226051,0.8380103615922871,0.7211857437391799,0.8351846128854562,0.8408552963884264,0.4884052211943008,0.3231059196831749,0.455002446342806,0.5271009098843069,0.6483419680853777,0.4796641996548505,0.686223379508011,0.6144240750632207,0.7533690061821237,0.6043239819306028,0.6927110003744739,0.8256696865761683,0.6820316392635224,0.5320699612519519,0.6672803597776868,0.7020124919780306,0.6300387318206008,0.06199287401208092,0.06156066621806428,0.0002006523595585822,0.9382386814223771,0.969299988702345,1.1567881202155894,5.457291126251221
82,0.9398739574985071,0.6589756128212638,0.9450132814533411,0.8957584629645233,0.9661592895677301,0.9247730795981167,0.8377705159193247,0.7208305480066204,0.7927328766330767,0.8882338657121002,0.523108827907846,0.35419592031741487,0.45797391874277876,0.6098432029533315,0.6560228630204209,0.48812055277573424,0.6362410937800684,0.6770741998662717,0.7381968465028375,0.5850332870518519,0.6689995151721261,0.8233603439872451,0.6887747633376072,0.5370450770379054,0.6389868510820125,0.749627903129737,0.6391095124770348,0.062478787622600875,0.061894382777786215,0.00024008204650040403,0.9378655351757134,0.967977451917943,1.0557005852460861,7.024454832077026
83,0.918483089316975,0.6644501045639429,0.9463782048680242,0.8982143395671516,0.967587755028965,0.9260785378867158,0.8386207327647305,0.722090325205405,0.7777885769629476,0.9097758344814061,0.5267322211464673,0.3575264651184863,0.4683621399819442,0.6017224601988,0.6565002361359957,0.48864931263393213,0.6875859634154161,0.6281036990751261,0.7520609803424367,0.6026424116050186,0.7409299858556957,0.7635315177436418,0.6934785425974075,0.5427271286407105,0.6686666665540009,0.7257833778747435,0.6450978125416332,0.06151709413925727,0.06078365392076069,0.0003075058377104251,0.9389088402415289,0.966558688823401,1.0629757669838993,6.852118253707886
84,0.9251712973822247,0.6413169282376263,0.9456612920091756,0.8969236212632776,0.9643133873984528,0.9277170559872967,0.837742602652708,0.720789219810303,0.8046985013480024,0.8736167600835049,0.4987244664536416,0.33220048905715505,0.3926015351281465,0.683471604987777,0.6288597223275824,0.45863996016155595,0.6176662120087794,0.6404664241153549,0.730891371126628,0.5759092283341132,0.7243955689972653,0.7375047257256784,0.6740545406401399,0.5218847243407818,0.6348404543705484,0.7337648787280788,0.6194918533026174,0.07440564631352548,0.07347241917025443,0.0003744480920299178,0.9261531327377156,0.9602820582893923,1.1117962815544822,6.071287393569946
85,0.927593743936582,0.6377480377079863,0.9396469957923267,0.8861643170374742,0.9728429551767387,0.9086417503127178,0.8260055026363399,0.7035854976247593,0.7538389368623087,0.9134521749146188,0.48504652002681925,0.32017255080030976,0.39177421694853354,0.6366080475105766,0.6509662343591278,0.4825425804296898,0.5886071995980449,0.728104035018738,0.7144788704285607,0.5557892857558476,0.7897935659645378,0.6522776859202684,0.6691242818627119,0.5155224786526517,0.6310034798433563,0.7326104858410504,0.616830541604836,0.07227853856424278,0.07168620306541625,0.0002649500677183557,0.9280488468668654,0.9599647469840331,1.0932220301844857,6.128588438034058
86,0.9135793914849107,0.6070204231341622,0.9451644164401982,0.8960300839022788,0.967342186612681,0.9239807717251161,0.8380826727866313,0.7212928606518062,0.7821024919235585,0.9026944040145014,0.5406484916501753,0.370471739369714,0.4765731736719258,0.6246300773451529,0.6222290457280848,0.4516200924390241,0.5288534333986832,0.7556480520309217,0.5811629821400702,0.40960517298643223,0.8418083001390406,0.4437627252975297,0.6455307980762404,0.48824746636174415,0.657334349783302,0.6816838146720264,0.5813468398394434,0.07812956513459983,0.0772346710569598,0.000384518414182314,0.9223808105288579,0.9542631051252844,1.1180102107199756,5.792531967163086
87,0.9158059216358445,0.621589557662449,0.9392944801563188,0.8855374678306048,0.9723752496852653,0.9083905086010559,0.837006584884216,0.71970019262825,0.7765778718248417,0.9076332554984256,0.49702883177066576,0.33069751587864493,0.407288598905928,0.6374908459817302,0.6264491661930853,0.45608007419487157,0.5039312421252331,0.8276777225710158,0.6694849992830069,0.5031773402947222,0.8027177962161753,0.5741836451173312,0.6574923955327435,0.5024137807491222,0.6226288772680446,0.7367463672921257,0.597654332415586,0.07045450172526585,0.06974659757051783,0.0003539520773740043,0.9298994503521082,0.9612770267323898,1.0954081483862617,6.218443393707275
88,0.9247878844087775,0.6429570315177356,0.9476712671667484,0.9005467945508557,0.9608536799435007,0.9348456707501189,0.83522880480651,0.7170754292801369,0.8157656169407611,0.8556434293828961,0.520171065185181,0.3515075647917869,0.41287244825796715,0.7028229487474944,0.6009427527079664,0.42953406936787625,0.6967681619197535,0.5282881321198872,0.7436666855638014,0.5919342239981392,0.6514017219295799,0.8663815289031822,0.6750023270658647,0.5225128218594848,0.6442019872620155,0.738284009788365,0.6215935011523163,0.07724569616455393,0.07616167101617616,0.00046931123547858854,0.9233690177483452,0.9607503264493421,1.0781275806101887,5.99685263633728
89,0.9126287407495759,0.6507252584053709,0.9489606582899236,0.9028783420665614,0.9623569267777334,0.935932228739804,0.8431969754427293,0.7289028101957427,0.8119274800790844,0.8769714892893445,0.5688793772559634,0.39750623966636134,0.5697710108028675,0.5679905299800082,0.6557460166178494,0.48781407734272714,0.5579448615645606,0.7951214268196959,0.6633931423298469,0.49632630456962584,0.7479749621287479,0.5959971395125057,0.6828038779115972,0.5276373579436142,0.6719045786438151,0.7090201464003886,0.6293395120678865,0.06695870045934685,0.06641358553094945,0.00024046736520283026,0.9333459471038478,0.9641573015298348,1.0565412613478573,6.9879443645477295
90,0.9170837287198413,0.6447278806498777,0.9480150449188955,0.9011678734947375,0.9590887765269306,0.9371941112301745,0.83696848487441,0.7196438565846,0.816519417745084,0.8584681233411424,0.5218326571675085,0.35302677988242054,0.42423509835009104,0.6777534785268964,0.6028769841269721,0.43151317190938204,0.7363168888823911,0.5103823374284688,0.7453937992469751,0.5941257095649485,0.6549629328098739,0.8647964180137437,0.6767679813539664,0.5245773794853378,0.6580085844468601,0.7278500893275628,0.6233678135138185,0.07302634466135767,0.07166758938246683,0.0005865434278441871,0.927745867189689,0.9626262080288503,1.0843604599887675,6.659644365310669
91,0.9270783500237898,0.5992620100462245,0.9494546455794018,0.903773113254163,0.9643422266124227,0.935019746985751,0.8391295134595295,0.7228450746131322,0.8105705828504478,0.8697743785049971,0.5575680428497807,0.38654720597798975,0.4741053637759579,0.676695123541593,0.6070525893775303,0.43580438482329725,0.5051436196800801,0.7604722023455327,0.5532095634402607,0.3823702102674344,0.8529721623749914,0.409350332281129,0.6392399272817753,0.48189171892046345,0.6606979321703693,0.679073009168313,0.5726100652225239,0.09214063666654947,0.09151063006864714,0.0002932860656025912,0.9081960838657502,0.9473351637815357,1.1220569840886376,6.611055850982666
92,0.9136850508776578,0.669419389142589,0.9485854486020918,0.9021992774789926,0.961328801497332,0.9361755269465805,0.8387723792002898,0.7223152155325473,0.8044477386587252,0.8761567408466658,0.5584096065818446,0.38735663690002775,0.47696565543162606,0.6733946610755759,0.6392335917662982,0.4697599734226497,0.7275525998721941,0.5700358451837252,0.754163972393724,0.6053476988001056,0.7034172569702856,0.8128020478903534,0.6976448874855391,0.5461948811638326,0.6780958127332076,0.7330973237490801,0.6506023902472889,0.0634705607214667,0.06274971320895541,0.0003012247295462133,0.9369490620614984,0.9666242411798691,1.0653823898597197,6.4395952224731445
93,0.9119465154680338,0.6550017167963483,0.9485634611450933,0.902159499020407,0.9663355642940629,0.9314332545299813,0.8414916910530174,0.7263579247160384,0.7974470729463179,0.8906860889930632,0.5231726150536149,0.3542544107635221,0.45467605122754146,0.615967617346959,0.6627318612383847,0.4955863689776617,0.62258675004353,0.70841102029433,0.7169373493448227,0.558770336724188,0.7692636941610848,0.6712762420117848,0.6860833791724599,0.5337422602953525,0.6609933920946185,0.7215852421615343,0.6342806085456073,0.0697043422007002,0.06902868899058806,0.00026763419987431045,0.9307036768095376,0.961761287131098,1.0741856436837802,6.566291332244873
94,0.9156088144941763,0.6613840617758608,0.9485656633774248,0.9021634830991104,0.9591164603474838,0.9382444695333102,0.8415680062949387,0.7264716538113873,0.8213064943127145,0.8628545015848659,0.5386133415409005,0.3685631988106554,0.4907093549743717,0.5968821163086686,0.659202599810155,0.4916496703505077,0.6257440386356588,0.6964413492839128,0.7262749291368343,0.5701975612717267,0.7051696769487877,0.7486824904460289,0.6914147191957071,0.5392205210610693,0.6607323912178832,0.7262151144058689,0.6413636234959633,0.06295095941629003,0.06245890778040824,0.00021521984073731785,0.9373258723788545,0.9675360803256368,1.083204280246388,6.649577617645264
95,0.9039188785986467,0.5862681245360364,0.946769500954775,0.8989195639634829,0.9621886063138732,0.9318367845781609,0.8374046902735398,0.7202890664255025,0.8000110798191956,0.8784653609749413,0.5269390057051165,0.3577170312335564,0.5091850625201496,0.5459757431056175,0.6156756582966194,0.44474812711813194,0.49877892753996617,0.8041381534522976,0.5324775210272054,0.3628411343994661,0.8271659437256893,0.3926064597823482,0.6281242188256203,0.4713988397941642,0.6587852534012502,0.6552964293288011,0.5583640616763138,0.08587308645906311,0.08403722077024672,0.0006572440842822807,0.915305535145471,0.9501250241798079,1.179824784398079,5.563741683959961
96,0.9005975906144489,0.6411427392288538,0.9415002902193388,0.8894667438448647,0.9706147694320907,0.9140815759368985,0.8362165062233436,0.7185327087856288,0.7771489715542819,0.9050015282766031,0.5034141884219819,0.3363750909085367,0.45474665490605193,0.5637470782379862,0.6521780390399408,0.48387551021604636,0.5366268943542866,0.8311480201162758,0.7028114012264756,0.5417958513441876,0.7538273755809132,0.6582628460028032,0.6736550337279354,0.5201447903135998,0.6305874740988834,0.739539868158417,0.6194678762294661,0.06430294426927519,0.06395955513554388,0.00016544012318429465,0.9358750047412718,0.9658159706387467,1.0977085422385822,6.017577171325684
97,0.914211162111976,0.6558723232822128,0.9439297648410487,0.8938134353336605,0.9697982889826674,0.9194054263897521,0.8263789557969808,0.7041275886103058,0.7598300476918908,0.9057040867562446,0.5135582571891385,0.34549504524677827,0.4581132580062666,0.5842721426923053,0.6426612797635628,0.4734715588542383,0.7249842801135745,0.5771276149010955,0.7545618887223475,0.6058606059102112,0.6550222147707048,0.8897755792714461,0.6842900953680074,0.5322386996553834,0.6494874501456092,0.739219855905273,0.636927141891683,0.06909210904570834,0.06847667210572558,0.0002558922013612493,0.9312674356929131,0.9648062821186938,1.0966926027428021,6.417375564575195
98,0.892315841533921,0.6506436281108523,0.945964995223714,0.8974701892604514,0.9519905982718361,0.9400151902509127,0.8417578350164242,0.7267546118288317,0.7983478879941007,0.8901600427219335,0.5982991189934707,0.42683794174677675,0.5631110501320881,0.6381780243371167,0.5821722952679582,0.41060863271675463,0.7677281653803204,0.4688529877145262,0.7077547344359375,0.547693811148926,0.7648141585430598,0.6586181294780221,0.6824959959284476,0.5279737493603223,0.7235003155123922,0.6639522960628996,0.6294087162324554,0.046869907744329545,0.04663036152818335,0.00011933914753660132,0.9532502993242801,0.9714580793963963,1.1774779937484048,6.4483208656311035
99,0.9089398228309371,0.6665639783402133,0.9482855609782376,0.9016568811780054,0.9644477870033227,0.9326561003677719,0.8406678456688618,0.7251311391029902,0.7970713382007277,0.889309393491083,0.5177187219499826,0.3492715786244404,0.49041822399502444,0.5482379141879483,0.675067245014165,0.5095105713658519,0.6502072596907706,0.7019037924674486,0.7488713456136094,0.5985566256420602,0.7306518988438488,0.7680226652637174,0.6955812895616547,0.5456174786838357,0.6670871801825928,0.7268684413525492,0.6472191041925857,0.06205474842691901,0.06114285336347079,0.0003480578619326388,0.9385090887745966,0.9670607570629656,1.0775883807377382,6.1021153926849365
100,0.9306939935142343,0.6277717043723441,0.9458557350434131,0.8972735198463248,0.9660404201943357,0.9264972740728189,0.8360101043581019,0.7182279738752138,0.7908439438393653,0.8866477489457839,0.5305231904269089,0.36102862390937307,0.44782719765802537,0.6506776481445857,0.6307108815890254,0.460611913954994,0.553018142782622,0.7338016387329304,0.6526682411058453,0.4844153912333617,0.804955607960451,0.548835535635363,0.6624781043699703,0.5060709757432356,0.6491612230601159,0.7049906428646657,0.6046341043739266,0.07804705771232745,0.0766853038587817,0.0006229736416854373,0.9226917224995329,0.9559704010928142,1.118375768715685,6.480171203613281
101,0.9066836563023654,0.5470953390040227,0.9482954391255524,0.9016747425123698,0.9611461803371367,0.9357837986770877,0.8385255878982834,0.721949256188047,0.8021960155661125,0.8783018129399361,0.5504947535838829,0.3797811390782986,0.47920638991408704,0.6467000391239907,0.5813191326403108,0.4097603245486811,0.4951766588582239,0.703744763478874,0.4123287144897879,0.25970660189730804,0.8842661952416726,0.26884482766472767,0.5956670471530662,0.44279933042808367,0.665211314895024,0.6243978608018821,0.5147142002379939,0.09652115268606899,0.09594051451993113,0.000284248965254227,0.9037752365148146,0.9410309123656727,1.2245314690199764,6.697876453399658
102,0.902028695426204,0.5854764740389797,0.9452438662257552,0.896172902871282,0.9451649323785918,0.9453228132580718,0.8384828650779437,0.7218859196030802,0.8115639005475587,0.8672488577815164,0.557437942290225,0.38642215723822565,0.521129709850911,0.5991844145942338,0.5783052294242854,0.4067717216052648,0.6391673342577685,0.5280260961000128,0.5363507867227743,0.36644763093326344,0.8433500713154449,0.39321226365676,0.6276442058788071,0.4703818573449585,0.7038027539929208,0.5969179080331308,0.5573646528124282,0.061199166519638824,0.06081369301926697,0.00018000674466958936,0.9390063002360635,0.9585290935905094,1.2091438431631436,7.290717363357544
103,0.8894911780953407,0.6725314311652678,0.9477613104631558,0.9007094301772204,0.9582526471168521,0.937497212680874,0.8383023438184874,0.7216183482490428,0.8086912841558126,0.8701643009543084,0.5725293649568148,0.4010796095567277,0.5437736036348788,0.6044962531223677,0.6665267964375934,0.49984266249741693,0.6557106359741575,0.6777057738628921,0.7232811612169887,0.5665156174138011,0.713393941004957,0.7334462952587542,0.7001599166074711,0.547264059429247,0.6803923661924515,0.7214531557995806,0.6541124408704656,0.05678596012337724,0.056534498130121846,9.821411184385988e-05,0.9433672877580342,0.9702793681109152,1.044556430794976,6.569372177124023
104,0.8820787783373486,0.6694900381946979,0.94861711389656,0.9022565674549421,0.9604889957576125,0.9370351276538247,0.8409790624357785,0.7255943660544785,0.8006522202672409,0.8855836894741338,0.5714745513761907,0.4000450617990244,0.5822683997105507,0.5610736033225042,0.6387522848557096,0.4692402989914313,0.7283568220535539,0.5687794160627889,0.7410802702718333,0.5886636397634754,0.6468087129573438,0.8675202579904224,0.698071542234878,0.5458858416521024,0.6895215387471724,0.7207392417124623,0.6504357021679111,0.05692724268151763,0.0562695100416508,0.0002862627060556315,0.9434442272522936,0.9712825738111804,1.0712819356809964,6.621513366699219
105,0.9017988226630471,0.6549149316827458,0.9482569456974598,0.9016051418816292,0.9494698651667359,0.9470471212114153,0.835077327037903,0.7168521537266653,0.832556214718662,0.8376137543897397,0.5709915642344788,0.39957186391877253,0.5133570596453658,0.6432039565422066,0.6217429372582371,0.45110810897743975,0.6905984168605298,0.5653729478044215,0.7119561617704694,0.5527421820899221,0.6908288523746999,0.7344164924410829,0.6849419975752721,0.5300685771781999,0.6818351358998144,0.6951517877943627,0.6348968877543951,0.06308939848759283,0.06083606458064635,0.0007708658368591519,0.9383930695824945,0.9647950005772822,1.0920049331404946,6.4939470291137695
106,0.8871693103150888,0.638051955371034,0.9451200206042271,0.8959502872976931,0.9582223646602027,0.9323711554996676,0.8368981263809279,0.7195398316889141,0.8268858075914088,0.8471558847125925,0.49946756878141163,0.3328602290693524,0.39085024006710567,0.6916876498499899,0.622328998848047,0.4517254107313579,0.641392587838899,0.6043659232234259,0.7260772414803451,0.5699538976162681,0.6562234459317546,0.8125743020729054,0.6711929838726829,0.5185198422764732,0.6288380203572921,0.7389459399647285,0.6159579363699347,0.0717400142054408,0.07110969536140326,0.0002533966359587171,0.928636908002638,0.9638769158095076,1.0625526715408673,7.113974571228027
107,0.9058688120408491,0.5005284506999567,0.9422536452763622,0.8908124722609413,0.9661719210656683,0.9194909892852322,0.8293763393401571,0.708491009717559,0.7763934905349339,0.8901201529572981,0.48967749047273135,0.32422048097925826,0.4029872023327263,0.6238877240853192,0.547729911803069,0.3771543022573054,0.44249768319321253,0.7186304250694322,0.3545619869440029,0.2154818255872739,0.8661569231312296,0.2229039413691066,0.5553364321399901,0.40633690463534916,0.6220088247980256,0.6138855608702891,0.46398979640660104,0.10954487909524538,0.10873410386371102,0.00035925093718973085,0.8909066451990992,0.9342230202825984,1.247715103355321,6.446700096130371
108,0.9009968753565442,0.6412414941922966,0.9497460276206968,0.9043012953039256,0.9604591141094472,0.9392692951421713,0.8413112294377028,0.7260890506683902,0.8134192199162978,0.8711839830628015,0.5534598113830106,0.38260935695963166,0.5517602368916663,0.5551698885466652,0.6529168596472461,0.484689355904395,0.5708877793568203,0.7624744262922655,0.6506578997981641,0.482203808582596,0.7444574848893407,0.5778503527782449,0.674586450066531,0.5188978930287532,0.6701311802635314,0.6916696626699943,0.6190115236094736,0.07159429382253504,0.07100807147545361,0.00023558075695750603,0.9287563477675889,0.9613796611149252,1.098918622190302,6.151412487030029
109,0.9015960984609344,0.6772361577644614,0.9506949586273779,0.9060234356481792,0.9612370298375927,0.9403816127834134,0.8423907654100483,0.7276987261668139,0.8179604183155084,0.8683253828046151,0.5825587923398285,0.4109932667341331,0.5240278635040791,0.6558089142581656,0.6556135813736386,0.48766751306779593,0.7301700534406244,0.5948721566572066,0.7384845636980549,0.5853947898274452,0.6466041673794557,0.8608017563757049,0.7047619257053925,0.552938573949047,0.6796906256599168,0.744952052523923,0.6588856458038407,0.06306513429215621,0.06241980495224311,0.00025963931910844885,0.9373205557286485,0.9683088877732132,1.0371359600262209,6.244340658187866
110,0.883417168801481,0.6496106555427836,0.9464631023279114,0.8983673039067082,0.9632854348240691,0.9302182387184348,0.835730852732048,0.717815854429498,0.7986604657925731,0.8764100408521008,0.5208531242794439,0.3521307672882139,0.4819915163825786,0.5665309029623623,0.6466793247416969,0.4778463349924567,0.6644058427061614,0.6298741219273545,0.719259451877455,0.5615965332961678,0.6165500634538214,0.8630291104703468,0.6806306884076609,0.527347372501584,0.6404019720837836,0.7339610440530411,0.6289306336328653,0.06762989516424213,0.0669414202917075,0.0003278451773974405,0.9327307345308951,0.9664765566401095,1.0922865041277625,6.457726240158081
111,0.9132000146941706,0.6528042469645334,0.9485083710418057,0.9020598404397923,0.9520911870207671,0.9449524189731285,0.8312500940460967,0.7112300842220407,0.8225637785988196,0.8401218233411925,0.5541214038802463,0.38324199927111424,0.5393982569874598,0.5696708566154425,0.6166891112741693,0.4458065907673165,0.7710455872196095,0.5138257594845108,0.728120276711997,0.572475732870161,0.6055886450240207,0.9128143461644911,0.6825452214781274,0.5281886017826581,0.6846490669574774,0.7091081964014092,0.6329769306221374,0.06602746661328904,0.06543999423382617,0.00024358610855777484,0.934316419657616,0.9685271696637611,1.103846631266854,6.629214763641357
112,0.8819302279840816,0.6346749061167193,0.9477215718113423,0.9006376510470766,0.9612204501555168,0.9345965851326402,0.8384788357712802,0.7218799463960279,0.812694025806774,0.8659534376749809,0.5601573696223834,0.38904068945053755,0.5548011591464551,0.5656180090887831,0.6290373962444379,0.4588289968823928,0.5606558928613533,0.7164165566451086,0.6468953092651495,0.47808223095718516,0.6125696231392864,0.685296274533887,0.6686422277258128,0.5119579659215359,0.6351801752384673,0.70832106948569,0.6120300250439902,0.07424609889548907,0.0736891569128593,0.0002368363352129602,0.9260740067519277,0.9620884554439462,1.0891148298978806,5.4991135597229
113,0.90175976942886,0.6474625125715237,0.9497667339609079,0.904338840401534,0.9521205259393327,0.9474245511721142,0.837070881636873,0.7197952724883925,0.8472031634376347,0.8271780933390533,0.5388462191692802,0.3687813194193196,0.5086167739866714,0.5728960805753953,0.6535829387657568,0.48542383900470315,0.5663543116080194,0.7725728913658871,0.6867555900910842,0.5229457554962799,0.7697027620059735,0.6199468896753428,0.6790639074157485,0.5242365466021738,0.6729692527595748,0.6981484887389197,0.6263949160087071,0.0710614478549565,0.07061579899064442,0.0002019753624806223,0.9291822256468749,0.9631122065366092,1.0958912006833337,5.787250518798828
114,0.8815377645871856,0.6699003242533119,0.9498450792272608,0.904480910805363,0.9630182783677631,0.9370274111062217,0.8426929682412689,0.728149873038142,0.8121378047342304,0.8756371766622894,0.5711992938249688,0.3997753440044813,0.4932760941164276,0.6783604024758144,0.6505987666867574,0.4821388558311262,0.6506326477129718,0.6505648891889766,0.730305364252224,0.5751818931030742,0.7201962851094041,0.7407022770026491,0.6986990982513047,0.5463114914942059,0.6690607079182584,0.7363161863324323,0.6507011415879834,0.0657694004471501,0.06516649210044537,0.0002735956497460093,0.9345599122498086,0.9651449432234845,1.0835324390368029,6.146883964538574
115,0.876809308474714,0.6524207823377788,0.9438720237030762,0.8937098958523495,0.969709472001979,0.9193756949857523,0.8375916033633134,0.7205656856805248,0.7890481249476485,0.8924995774178014,0.5548720688171579,0.3839605178504807,0.46744854737144254,0.6825185839109635,0.6404545718866472,0.4710799349863644,0.5447287166768989,0.776997268778382,0.7002120993010195,0.5387125845104959,0.7435566680487137,0.6616425939337323,0.6832825858420345,0.5285796807569665,0.6361955142611759,0.7534145060102198,0.6318462466682749,0.06783060412720283,0.06711088916187026,0.0003175332204956353,0.9325715776176341,0.9634184096543371,1.0776881196282126,6.513665437698364
116,0.8849477964368734,0.5547023018364827,0.9466583296249808,0.8987191490183275,0.9586538851997384,0.9349592628699805,0.8391223693154084,0.722834472071412,0.8284329279640613,0.8500912727677022,0.5482186953205043,0.3776179604692819,0.4645267621632572,0.6686947623967643,0.5726395248112787,0.4011877411244458,0.45329339323041795,0.7772895397236267,0.44844199621802355,0.289026897560343,0.8065584630671454,0.31055419667216394,0.6021056464163037,0.44766676780637066,0.6382028866062205,0.6516574428900643,0.5231000721166021,0.09720254575983445,0.09646187043125219,0.0002982982213229146,0.9032398313474249,0.9446741205071328,1.1946088536219164,5.8192291259765625
117,0.8869934271682393,0.6116446396491676,0.9454212110194921,0.8964917755774876,0.9602866908275569,0.9310089578904583,0.8365054498660758,0.7189594912754766,0.8023542911987187,0.8736930492583701,0.5084002682083841,0.34084228990690796,0.4772899352021201,0.5438490013342022,0.6167317699347041,0.44585117805068936,0.5234231680259284,0.7505249118987617,0.6348482773987786,0.46503862309832505,0.7730636956833932,0.5385596443521069,0.6491214413519857,0.4926728955828497,0.6440327725275401,0.6766566517108603,0.5866601051806223,0.07602865857650541,0.07549567485810882,0.00026649185919829177,0.9242378332826929,0.9586966360955631,1.2228336347775026,5.643117904663086
118,0.8876826377077536,0.6527117310894168,0.9471035682488251,0.8995220609434537,0.9598448634438679,0.9346961059009905,0.8412116114133299,0.7259406632813463,0.8181127174589643,0.8656527685740413,0.5301833218469875,0.3607139106036145,0.5885643637075485,0.48233901467650037,0.6561182180130419,0.4882261422153941,0.5840417528434928,0.7484890935905066,0.7090003599669165,0.5491871089512832,0.6265700432428056,0.8164049867223816,0.684128377810069,0.5310169562629096,0.6543222193132028,0.7282214658908575,0.6317672999423153,0.06076121336518726,0.059811484235674145,0.00043196271745348094,0.9397565530468723,0.969907632740349,1.0880754251371731,6.553265333175659
119,0.8893171697854996,0.6452400244612198,0.9491503992780603,0.9032219250271294,0.9598122851450178,0.938722782006054,0.8424124357726337,0.7277310691696167,0.8210171095913065,0.8649527032046895,0.5496597656296913,0.378986773312771,0.5287433557780735,0.5722991884272859,0.6622770390961727,0.49507787370914813,0.5722315302865248,0.7859535255602436,0.6580591315539904,0.4903786351749121,0.734285938692118,0.5961702263337662,0.6781020930131221,0.523043587841612,0.6640694835870057,0.7048439108814963,0.6233319787599515,0.068543188383592,0.06793874589970379,0.0003013794000445334,0.9317598747002517,0.9635865543256309,1.0999185131354765,6.434834003448486
120,0.8791417154398832,0.622872447248733,0.9420908382652049,0.8905214855312651,0.9587060038148539,0.9260417708069604,0.8259429661906469,0.7034947557111318,0.7922890345698677,0.8625827525632871,0.542147321289748,0.37188073198821453,0.5181527657764922,0.5684720564188191,0.6268062033059989,0.4564586621459044,0.5154191127270096,0.7996096335190832,0.6319736441698143,0.4619601380313332,0.7540508455310773,0.5439162259784851,0.6567175337390521,0.498448571969146,0.6449779396511117,0.6936451671199186,0.600309056255187,0.07199536322070554,0.07137020793373523,0.00030414099993630335,0.9283256510663285,0.9614456900698021,1.1743021986701272,6.486556768417358
