epoch,train_loss,selection_score,dice_c0,iou_c0,precision_c0,recall_c0,dice_c1,iou_c1,precision_c1,recall_c1,dice_c2,iou_c2,precision_c2,recall_c2,dice_c3,iou_c3,precision_c3,recall_c3,dice_c4,iou_c4,precision_c4,recall_c4,mean_dice_no_bg,mean_iou_no_bg,macro_precision_no_bg,macro_recall_no_bg,minority_dice_c2_c3_c4,val_loss,epoch_seconds
1,2.0206191688776016,0.40735796099060995,0.8601148115703878,0.754562670259225,0.9620836892978994,0.7776894269882848,0.6803081250501384,0.5155052766207151,0.5446161887361872,0.9060524437873106,0.05993673703058061,0.030894217819908986,0.04327975191607435,0.09743717205191398,0.43341590501408833,0.27666303162485895,0.3765517849150069,0.5105093208321775,0.6377378529073181,0.4681462039214464,0.6181698598798616,0.6585851815744176,0.4528496550005313,0.32280218249673237,0.39565439636178257,0.543146029561455,0.3770301649839957,1.7335080016743054,5.262212038040161
2,1.7271795069629496,0.46071557966920706,0.8526718102504217,0.7431803888968597,0.9757569258380877,0.7571610777097885,0.6942615945879941,0.5317003710011351,0.5456337458988482,0.9541736209743518,0.17098726560313213,0.09348609902353501,0.11614643362127121,0.32394366197181307,0.45915540208343514,0.29798942911197973,0.4250743647204549,0.49917780481745067,0.6741553996814583,0.5084724103560015,0.5592208292843323,0.8485559346818883,0.4996399154890049,0.3579120773731629,0.4115188433812266,0.656462755611376,0.43476602245600854,1.5930518264120275,3.82613205909729
3,1.5604056038639762,0.4971618681764543,0.9116074831442965,0.8375723546665612,0.9679564249250717,0.861458261374799,0.7765469109113838,0.6347173568296396,0.6745317000260487,0.9149177672650205,0.17704723076372017,0.09712112883642814,0.1764841473253145,0.17761391880694957,0.5765663953874612,0.4050532413448281,0.49364466095524956,0.6929706242080454,0.6447436307998717,0.4757355474967435,0.5076590648026046,0.8832500609309722,0.5437260419656093,0.40315681862690983,0.46307989327730437,0.6671880928027469,0.46611908565035104,1.4013143804940311,3.9616496562957764
4,1.4779777337204327,0.5164420676201801,0.8725522914206907,0.7739181913103439,0.9657269126834873,0.7957748700280485,0.688731717290446,0.5252408880563156,0.5476796516665806,0.9276408191787834,0.26692066647339674,0.1540152613384674,0.35572235406660085,0.21359845346588158,0.6337057105983287,0.4638134811174843,0.4981123184039423,0.8707314235766945,0.5912699425653928,0.41971841194482307,0.6206591639870966,0.5645381428222906,0.545157009231891,0.39069701061427264,0.5055433720310551,0.6441272097609125,0.49729877321237276,1.4085586612874812,4.074768543243408
5,1.428655982017517,0.5237035505167105,0.8990216699562731,0.8165661806627632,0.9498372422582937,0.8533671732057485,0.7217204922475281,0.5646030370278636,0.6128440866495789,0.8776398815193198,0.19320537789783748,0.10693267266483648,0.3341664176468537,0.13588511460921646,0.6626059553650808,0.4954455704533652,0.6008939353623687,0.7384444633093202,0.6492936710436075,0.48070676587802524,0.5651541961577096,0.7628686327077283,0.5567063741385134,0.41192201150602265,0.5282646589541278,0.6287095230363962,0.5017016681021752,1.3771900859746067,4.063622951507568
6,1.3834614984013818,0.5727969754982185,0.9052205483493594,0.8268519718601989,0.9611527954476584,0.8554400312138444,0.757039964747414,0.6090621928914822,0.6613327020774636,0.8851357286749052,0.33135247768051534,0.19857547699463968,0.249713531671203,0.49230046948354084,0.6649118797297899,0.49802845942125346,0.5576655612565349,0.8232296078301649,0.6607122393346184,0.4933310515780156,0.7681456659533475,0.5796429441871448,0.6035041403730844,0.4497492952213477,0.5592143652396373,0.6950771875439389,0.5523255322483079,1.2575003125450828,4.235233545303345
7,1.3610905761068517,0.4980361420208212,0.9049249634223476,0.8263588641838052,0.968111223138844,0.8494813841318832,0.7812630567818232,0.6410432219432298,0.6895565022755116,0.9011040693433674,0.34743926270371506,0.21024296103763915,0.24533771136846436,0.5951008008837009,0.5353122478687515,0.36547874937154734,0.40519031085964374,0.7885433468217113,0.5169479439029964,0.34857032952940653,0.8891251022075539,0.3644101876675381,0.5452406278143215,0.3913338154704557,0.5573024066777934,0.6622896011790793,0.46656648482515434,1.2686913474039598,4.176208019256592
8,1.3276595988056876,0.5618034761798706,0.9063599176754639,0.8287552114485347,0.9729509914373494,0.8483002372130125,0.7624923779574068,0.6161516619177341,0.6480712088279472,0.9259801749179009,0.4293990484416579,0.2733979296368122,0.3779888427738318,0.49699530516429175,0.6177481847514739,0.4469143595520646,0.4704511400624601,0.8993243221998705,0.5713668947539682,0.39993955946832854,0.8616830466829408,0.42737631001703463,0.5952516264761266,0.4341008776437349,0.589548559586795,0.6874190280747744,0.5395047093156999,1.213676000183279,4.119548797607422
9,1.277612629261884,0.5775672141164578,0.9023441024903112,0.8220646420590532,0.9792728436826837,0.836621614547677,0.7896408171866374,0.6524020541994765,0.692154171549239,0.919090351878917,0.33144610185382717,0.19864273022410392,0.21611666857015807,0.7107152720242633,0.6306148037759127,0.4605094355589327,0.49935124639605905,0.8554980176135004,0.6999495356962402,0.5384018197102043,0.7407324257947261,0.6634231050450485,0.6129128146281544,0.4624890099231794,0.5370886280775455,0.7871816866404323,0.5540034804419934,1.163961574435234,3.760782241821289
10,1.261251601305875,0.35992806421458656,0.9195503435178809,0.8510811568138059,0.9549816420219227,0.8866541025889461,0.7978573160284338,0.6636960210018675,0.7547744989109215,0.8461562377549035,0.33070382928808545,0.19810973935622714,0.2550168325965252,0.4702789284727716,0.5666198587227583,0.3953032712019161,0.4096671915951552,0.9185287894079591,0.036484087361633534,0.018580999077624,0.8200321371161756,0.018657080185229182,0.43291627285022777,0.3189225076594087,0.5598726650546944,0.5634052589552159,0.3112692584574924,1.3136834475127133,4.011617660522461
11,1.2329764623533597,0.5936747273983598,0.9290331386409025,0.867471414999643,0.9386314970276015,0.9196290970291777,0.7879897567414765,0.6501510701947073,0.8037078187505251,0.7728746961243042,0.36342052313882567,0.22206102928519947,0.28583636651367983,0.49881248273954715,0.6734083175380609,0.507622900430315,0.5788786923504724,0.8048363312801782,0.6794236650704872,0.5144902623949809,0.6841435464041932,0.6747684621008606,0.6260605656222127,0.4735813155763007,0.5881416060047177,0.6878229930612225,0.5720841685824579,1.166405889120969,4.058229923248291
12,1.2242943847721273,0.4861504017302347,0.9221904622464951,0.8556154217828053,0.965829764161783,0.882324210413968,0.8154132583733812,0.6883525112341661,0.7602092627928299,0.8792625258966695,0.2924280913595683,0.17125374918611744,0.18420493685418793,0.708942281137768,0.555578304002882,0.38463719116276035,0.5329776817563295,0.580180537083657,0.5006905242805384,0.3339474153861904,0.858244066994014,0.3534426029734125,0.5410275445040924,0.39454771674230854,0.5839089870993404,0.6304569867728768,0.44956563988099624,1.2144828086549586,4.161709785461426
13,1.229504682123661,0.5592549753232748,0.9274425000476442,0.8647018925221654,0.9633895767816741,0.8940815234454884,0.8131490850903905,0.6851316158376304,0.7581532802171275,0.8767476245137699,0.3576873834994268,0.21779494348742465,0.27611025665672534,0.5076829605081189,0.6500978078107665,0.48158882293276095,0.5087550954406599,0.9001889634052117,0.585348364737259,0.41377562514077415,0.8453572661372862,0.4476602485985591,0.6015706602844608,0.4495727518496475,0.5970939746129498,0.6830699492564148,0.5310445186824841,1.144544857469472,3.9650156497955322
14,1.2274635637348348,0.5232155953110116,0.9309796919162573,0.8708718486228498,0.9493866375438882,0.9132729279249375,0.8037718375450792,0.6719218479989338,0.7993573883983333,0.8082353150190305,0.3770488148957182,0.23232295484690818,0.2648838020921828,0.6539740403203174,0.6249675484990783,0.45451112649515485,0.5249659530890111,0.7720334160244497,0.4741116751268826,0.31071190951428673,0.8602434726892744,0.3272300755544524,0.5699749690166895,0.41736695971382093,0.6123626540672004,0.6403682117295626,0.49204267950722635,1.1775341480970383,4.039662837982178
15,1.196275296536359,0.48756652212393337,0.9264033766258327,0.8628970662317044,0.9642213626474673,0.891439969256487,0.8154638488476129,0.6884246192522545,0.7605239211761122,0.8789595138383688,0.40443821413456577,0.25347699958557113,0.3365022776787359,0.5067439933719686,0.5910257970547879,0.41947240468942065,0.4296236578318349,0.9466752187541951,0.35793644627455334,0.21797965460135924,0.8813851157449586,0.2245673897148291,0.54221607657788,0.3948384195321514,0.6020087431079104,0.6392365289198404,0.4511334858213023,1.1447680565443905,4.002086162567139
16,1.1800322444601492,0.5666426197187855,0.9263769716696285,0.8628512496702588,0.9691859293205345,0.8871897849955326,0.8141224426637571,0.6865147566267009,0.747916241374662,0.8931882494489973,0.4260953143200078,0.27072497985220556,0.3149026400984342,0.6586743993371632,0.615430739725268,0.4444925634151025,0.4837894289913755,0.8454933328302427,0.5759085307960901,0.4044041715368411,0.8546435637627131,0.43427370216911804,0.6078892568762808,0.4515341178577125,0.6003129685567962,0.7079074209463804,0.5391448616137886,1.1011584861712023,3.957566022872925
17,1.1687823114070026,0.551903745549211,0.9449045880909023,0.8955631665397775,0.9659950654495237,0.9247153664308471,0.8384725420400931,0.7218706163974604,0.7971627520450963,0.8842977572172592,0.49411342723521473,0.3281212783032057,0.4936571381315713,0.4945705606185863,0.6505469212535323,0.48208191266482386,0.5024481638343006,0.9224401118059392,0.4155279559952583,0.26225010252942954,0.8345465240246986,0.2766329514988864,0.5996652116310247,0.4485809774737299,0.6569536445089167,0.6444853452851678,0.5200627681613351,1.0951281000267377,4.426364898681641
18,1.219108778644692,0.3948948347472382,0.9262925267677546,0.8627047402206128,0.9734186869770824,0.8835186985156116,0.8113039115128756,0.6825158418292074,0.7425358254557943,0.894109623248423,0.34134469953952995,0.2057960442080805,0.2203298584048291,0.7572714719690274,0.5390698340892918,0.3689908297247383,0.4695131054689213,0.6328198936648326,0.16546694502434708,0.09019567381223506,0.9584650112860635,0.09054959785522236,0.46429634754151117,0.33687459739356534,0.5977109501539021,0.5936876466843763,0.3486271595510562,1.2107297683304006,4.405637502670288
19,1.1717361469160428,0.6654373596839361,0.9368405432552595,0.8811853549454817,0.9709029024206859,0.9050872078068974,0.8195128078420257,0.6942157553983506,0.7489404308703368,0.9047688373318707,0.536939968827855,0.3669979067076832,0.48754247906467235,0.5974758354045513,0.683607111186174,0.5193032543666792,0.5890194455372461,0.8143851143369832,0.7244065163184161,0.5678976300722808,0.6932411135427939,0.7585059712405094,0.6911166010436177,0.5371036366362485,0.6296858672537623,0.7687839395784787,0.6483178654441484,1.035542829470201,3.7409145832061768
20,1.1559616246006705,0.6338579257747925,0.9417890408987791,0.8899823166627161,0.957609832364003,0.9264825078438796,0.8367154745388883,0.7192698400309456,0.8366207301134122,0.8368102404257525,0.4507183469723731,0.2909208574771239,0.332880073154076,0.6977022921844408,0.6555045889979072,0.48754691435453834,0.5707053992196799,0.7699016824345538,0.7277316584327322,0.5719954153195875,0.7852168575238105,0.6780892030221375,0.6676675172354751,0.5174332567955489,0.6313557650027446,0.7456258545167211,0.6113181981343375,1.0584444349462336,4.04233455657959
21,1.1729685339060696,0.63768448968505,0.9381959187032485,0.8835866571142356,0.9741237642821806,0.9048240020993134,0.8217537637176644,0.6974380553172868,0.7770213129007157,0.871951249603958,0.43507861840804285,0.27801947339070016,0.3001632108482705,0.7902954984810389,0.6719481235402395,0.5059652679618794,0.6237815766579682,0.7281756699397037,0.7446703024293299,0.5932069510268301,0.6826475322841576,0.8190896904703375,0.6683627020238191,0.5186574369241741,0.5959034081727781,0.8023780271237595,0.6172323481258707,1.042443123730746,3.6368696689605713
22,1.1269834393804723,0.6439554670227249,0.9421029527419967,0.8905431347822202,0.9657180897892278,0.9196151905420502,0.8343186613366065,0.7157347670103926,0.8087284852145744,0.8615812294393445,0.4923084329422427,0.3265312638864041,0.38652778258992176,0.677801712234152,0.6569298036138593,0.4891254421261747,0.5994873670747339,0.7265470003238246,0.7191737664074453,0.5614920646887864,0.5955569239134977,0.9075493541310682,0.6756826660750385,0.5232208844279396,0.5975751396981819,0.7933698240320972,0.6228040009878492,1.034424368630756,3.8463337421417236
23,1.1377668448469855,0.6289331838329018,0.9321029548461404,0.8728397171581702,0.9590974789176184,0.9065863949557657,0.7929383884505109,0.6569162508884915,0.7450327878952456,0.8474280000908008,0.5310472501216522,0.36151418087860976,0.4765008184886058,0.5996962165147418,0.6371496503326747,0.46751255593705077,0.6153330228770911,0.6605701601315305,0.6639342495051752,0.4969323173348923,0.5137607025832844,0.9381611016328942,0.6562673846025033,0.49571882625976105,0.5876568329610568,0.7614638695924918,0.6107103833198341,1.0709977190602908,3.636993646621704
24,1.12534558434378,0.6429854548319325,0.9373680117704732,0.8821191364022852,0.9699494407184794,0.9069043221248921,0.8287008865657531,0.7075057746231906,0.7751626240388314,0.8901832976200185,0.4969296381223695,0.3306096978065662,0.389027937918502,0.6876608671637289,0.6796159912260358,0.5147108619234868,0.5596459039335305,0.8650562331198183,0.6905055912361188,0.527307017590043,0.7956803764765104,0.6098891055325,0.6739380267875692,0.5200333379858216,0.6298792105918436,0.7631973758590164,0.622350406861508,1.0326656956564297,4.080259799957275
25,1.1563810299743305,0.6204617865563706,0.9351571284555191,0.8782113807074077,0.978606244428676,0.8954021874791182,0.8235250763825521,0.6999937353958735,0.7447790276642456,0.920891645059369,0.5238780886198926,0.3549016409695391,0.45741997180565463,0.6129301297983644,0.6643421167220906,0.4973894326080666,0.5115146041780458,0.9474015173666818,0.6054773910517348,0.43418255621425866,0.778644087277947,0.4953204971971426,0.6543056681940675,0.49661684129693445,0.6230894227314733,0.7441359473553895,0.597899198797906,1.0620152801275253,4.074790716171265
26,1.1219224482774734,0.6431671459334922,0.9292646241857796,0.8678751493375644,0.9838082534991756,0.8804512440257213,0.8215446508434888,0.6971368507355974,0.7358169315438006,0.929882318802239,0.5006915833931134,0.33394835768763176,0.3763405589623455,0.7477713338856256,0.6658833671525074,0.4991193054322911,0.5185557179867323,0.9301495672077456,0.7034673189515238,0.5425758480554813,0.8035092387518252,0.6255788447477074,0.6728967300851584,0.5181950904777504,0.6085556118111759,0.8083455161608293,0.6233474231657148,1.011359153823419,4.138976573944092
27,1.1108372821049257,0.6511132848621679,0.9367493561893903,0.8810240197289246,0.9718262668603488,0.9041163541080036,0.8134865948879394,0.6856109601316385,0.750454455793615,0.8880780053713039,0.5150574694088296,0.34685346994794475,0.4057732784768946,0.7049047224523223,0.6709844863371017,0.504873328745277,0.5728931665576357,0.8096060065838243,0.7131734621653155,0.5542110309330093,0.7633411640417045,0.6691932732146801,0.6781755031997966,0.5228871974394673,0.6231155162174624,0.7679455019055327,0.6330718059704156,1.0244803780859166,4.009536027908325
28,1.1123105023394932,0.3949855720087029,0.9328834086205936,0.874209450173297,0.9716527678671679,0.8970891687346433,0.8425309974617504,0.7279080438561536,0.8016753515123094,0.8877744998080221,0.4214582011328054,0.26699210716830907,0.2870747237530309,0.7923833195249492,0.5735548334116127,0.4020868427654863,0.43369575722430925,0.8465529113255155,0.040761872997341256,0.020804961089492896,0.9048122686385384,0.020850597124054297,0.4695764762508775,0.35444798871986044,0.6068145252820469,0.6368903319456354,0.3452583025139198,1.1488393423232166,4.112743616104126
29,1.128611525351351,0.6390326743227639,0.9328275093356287,0.8741112776950374,0.974657619136909,0.8944401525281589,0.8261378642465907,0.7037775894495126,0.7722641325632231,0.8880918235107703,0.47434006783659466,0.31090812430524695,0.33414257388177254,0.8172272852802641,0.6686338182262157,0.5022163153756785,0.5537966779712681,0.8435565365302783,0.7117557402642061,0.5525006107228299,0.7209332849981424,0.702808920302175,0.6702168726434018,0.517350659963317,0.5952841673536016,0.8129211414058719,0.6182432087756721,1.0034069554372267,3.6862685680389404
30,1.0996294516054066,0.6029764604701843,0.932875921265989,0.8741962999960716,0.9642920066709615,0.9034422851953676,0.8241286437676595,0.700866331507798,0.7840513045550801,0.8685238575112896,0.44995828280115313,0.29028785342261226,0.3339253283833899,0.6895719414525993,0.6527112990279045,0.4844628315794235,0.5259110440357876,0.8600821880767279,0.6325424051490035,0.46256820506227675,0.7923939863692758,0.526358761881518,0.6398351576864302,0.4845463053930276,0.6090704158358833,0.7361341872305337,0.5784039956593537,1.0627243464643306,4.029587268829346
31,1.111881636083126,0.5218290793167747,0.941039302138623,0.8886442188450412,0.9672348022120358,0.9162252864481951,0.8483430064323544,0.7366281897914119,0.8271653271955652,0.8706335913048328,0.47749538329395785,0.3136249165056886,0.34652122420992715,0.7676387738193444,0.5992488552071271,0.42780536531043656,0.46444452515733886,0.8443079883414658,0.3799050237440457,0.23449552607218602,0.8995720659198536,0.24079941506213495,0.5762480671693713,0.42813849941993076,0.6344257856206712,0.6808449421319445,0.48554975408171025,1.066281414844773,4.220451593399048
32,1.0869790281761775,0.4858399377715896,0.9382491035800306,0.8836810091177091,0.9760200954612582,0.9032925926022227,0.8305512887088541,0.7102075368417591,0.7694592556051817,0.9021808972117911,0.5419789920935706,0.3717223477265239,0.4546986336761766,0.6707263186964556,0.605816216798035,0.43453110278379625,0.44348592474128073,0.9555951718434793,0.19482082077740828,0.10792325937489969,0.8815479693933286,0.10951133317084391,0.543291829594467,0.4060960616817447,0.6372979458539919,0.6595034302306424,0.447538676556338,1.0555289780551738,4.281750202178955
33,1.0906715873967519,0.655134830308872,0.9469149865061557,0.8991819030493601,0.9542487329617313,0.9396931053106603,0.8317185196422786,0.7119162065186645,0.8196575118623951,0.8441397764027591,0.4923043323332847,0.32652765600578176,0.5131126526015338,0.47311792322560214,0.6826137024410724,0.5181575849892569,0.6242880045880366,0.7529610031095405,0.7316252263744566,0.576821016617326,0.6867502726280985,0.7827747989275662,0.6845654451977731,0.5333556160327573,0.660952110420016,0.713248375416367,0.6355144203829379,1.0449392822655765,4.011063814163208
34,1.1015552167188039,0.5930882365158505,0.93960394082477,0.8860877336300068,0.9701381742941424,0.910933133200516,0.8360224317579339,0.7182461712046249,0.8120928739418349,0.8614050481611468,0.45465769608011397,0.2942116416064181,0.3173536256736824,0.801375310687611,0.6469035219505745,0.4780912022497665,0.519793722349662,0.8563029199719272,0.5967254264361688,0.4252378242133276,0.793907807519021,0.4780038995856399,0.6335772690561978,0.47894670981853427,0.6107870073710501,0.7492717946015812,0.566095548155619,1.033706005324017,3.8660857677459717
35,1.1053406968712807,0.6451567575497238,0.9449586370091673,0.895660274712261,0.971631004060118,0.9197115184041041,0.8450087971985305,0.7316149206582127,0.8120527812535512,0.8807529109391258,0.534365611558165,0.36459680243056175,0.4212840108694479,0.7304280585473222,0.6694526556578094,0.5031408002913118,0.5316808841675957,0.903597221829175,0.6650346588835948,0.4981662357821511,0.8287234042552438,0.5553436509870487,0.6784654308245249,0.5243796897905594,0.6484352701364597,0.767530460575668,0.622950975366523,0.981159432367845,4.016759872436523
36,1.0951734205538577,0.5544558462868683,0.934063239960999,0.8762839175626361,0.9734987407589127,0.8976983407073508,0.8277210311201548,0.7060785470808816,0.7679811465521105,0.8975389893610152,0.4900617285042023,0.3245574589077274,0.36041155709755596,0.765396299364774,0.6067972085814917,0.43554119494956856,0.4750771694168843,0.8395791869857085,0.47542020683048175,0.3118368805361831,0.8520297294742463,0.32969168900802276,0.6000000437590827,0.4445035203685902,0.6138749006351992,0.70805154117988,0.5240930479720586,1.049582996151664,3.989610433578491
37,1.1057029725475744,0.6793394851654962,0.9450767354316848,0.8958724934542225,0.9710896594633747,0.9204210884302201,0.8387680541662857,0.7223088007315255,0.8062709023248494,0.8739948537300544,0.5377887003858045,0.3677913722371726,0.4084929087165606,0.7868378900855681,0.7092954313156519,0.5495412726699007,0.6305163423629504,0.8105712605839689,0.7377914674614358,0.5845242275280642,0.6763806641001596,0.8114672191079203,0.7059109133322945,0.5560414182916658,0.6304152043761301,0.8207178058768779,0.6616251997209641,0.9594973948868838,3.757356643676758
38,1.0950492722066967,0.6113526068211041,0.9471467752026386,0.899600013463351,0.9674277170716202,0.9276987036327465,0.8406873921095782,0.7251602254540822,0.8126347166390903,0.8707461104404883,0.5352453735587378,0.3654164075652445,0.44769213616766584,0.6653686826843046,0.6734566177276328,0.5076777938268422,0.5385859362630798,0.8984408160955035,0.5489109007474505,0.37827511834400274,0.8243782734497034,0.4114306604922976,0.6495750710358499,0.4941323862975429,0.6558227656298848,0.7114965674281485,0.5858709640112737,1.0199217254465276,3.9625167846679688
39,1.1128918250853366,0.6171630427324444,0.9348134065764047,0.8776053062889567,0.9768027946753689,0.8962851928812796,0.8173986638879117,0.6911869950825406,0.7277247346290944,0.9322787789897118,0.4787370093673391,0.3146970723111081,0.44659191431369943,0.5158685446009105,0.6857362806021952,0.5217645975317642,0.5574840341261219,0.8906307478988938,0.6202706311759763,0.4495596348033439,0.7927222390775948,0.5094443090421332,0.6505356462583556,0.4943020749321892,0.6311307305366276,0.7120555951329124,0.5949146403818368,1.0683787302537398,4.068858861923218
40,1.0976887385953555,0.6376046420871531,0.9417220744913056,0.8898627211170805,0.9705158587950617,0.9145875997324066,0.8330726212688638,0.713902712758963,0.7982062293600805,0.8711241352558928,0.4694128325529042,0.306688075358589,0.3336889476920706,0.7912399889532841,0.6677196061793019,0.5011854931411424,0.620704466193548,0.722440740635913,0.7105254944686831,0.5510194202528395,0.6648577754886043,0.7629295637338067,0.6701826386174382,0.5181989253778835,0.6043643546835757,0.7869336071447242,0.6158859777336297,1.0275978378274224,3.8084986209869385
41,1.0850076072595336,0.6789537148072204,0.944774004647554,0.8953285919875383,0.9763469056180007,0.9151791342092451,0.8432952294508398,0.7290496684391428,0.7883517380587427,0.9064709360111527,0.5621254025086659,0.3909418828939662,0.43549884976538744,0.7925766362882743,0.6962870445540679,0.5340800224815627,0.6232194050688731,0.7887634373103436,0.7236681924777209,0.5669906431953344,0.6886471077063245,0.7624421155251789,0.7063439672478236,0.5552655542525016,0.633929275149832,0.8125632812837373,0.6606935465134849,0.9563884708014402,4.007133960723877
42,1.1034986688332125,0.5950510996334071,0.933487775443257,0.8752715195845293,0.9725459901896568,0.8974456496607656,0.8373104530780968,0.720149635209835,0.7961455797872069,0.8829643067587437,0.40775802538383454,0.2560904886847559,0.26808949595034187,0.8512289422810907,0.6375944006868803,0.46799161792078253,0.5522475001554001,0.7541432034484798,0.6590477550146099,0.4914774239568765,0.7955023263828369,0.5625517913721324,0.6354276585408554,0.48392729144306246,0.6029962255689465,0.7627220609651116,0.5681333936951083,1.0453211245211689,4.252873420715332
43,1.073085862804543,0.6561441955213065,0.947125655596199,0.8995619093867436,0.9690855869300901,0.9261389158570462,0.8495419472874773,0.7384380032670012,0.8164276685143976,0.885456013407539,0.5358123885585993,0.3659451728533106,0.4439862343357325,0.6755260977630115,0.6965299109057744,0.5343658567491866,0.5728399817527381,0.8883449509669553,0.6716243698441555,0.5055982318535616,0.8143276377022284,0.5714781866926291,0.6883771541490016,0.536086816180765,0.6618953805762742,0.7552013122075338,0.6346555564361764,0.9824472909623926,4.445893287658691
44,1.0779804011637515,0.6721885796655154,0.9470145717520535,0.8993615166430016,0.9696548565568857,0.925407412021965,0.8427073565844495,0.7281713587129903,0.7906355831404996,0.9021216766140776,0.5436896729099051,0.3733336657690746,0.6011911134903237,0.49622756144708663,0.709397385898201,0.5496636827997667,0.5903979708667151,0.8884770052601347,0.7066390878821288,0.5463587783281708,0.7322390088347056,0.6827687058249644,0.7006083758186711,0.5493818714025006,0.678615919083061,0.7423987372865658,0.653242048896745,0.9973126351833344,3.9695639610290527
45,1.079032983292233,0.6306606872338709,0.9386185921903678,0.8843367570639764,0.9800838291949685,0.9005195486203003,0.8362565018257929,0.7185917714150867,0.7707966170974905,0.913866601655606,0.5177521293034538,0.3493019889177839,0.38723715417183674,0.7809721071526771,0.64633181656542,0.477466948307466,0.5252139247150024,0.8400539536111868,0.6593661776354316,0.4918316744183449,0.7417932274132296,0.5934255422860959,0.6649266563325246,0.5092980957646704,0.6062602308493897,0.7820795511763914,0.6078167078347685,1.0128416866064072,3.9672727584838867
46,1.083420798859813,0.6310193100641734,0.9296520738417093,0.8685512917079505,0.9757588139938218,0.8877060209323149,0.8184004660028603,0.6926208435732522,0.7426085313164061,0.9114217779800007,0.47359438750963506,0.31026771890399124,0.3410219694998981,0.7747970173984658,0.6624638026153586,0.49528663516599464,0.5671713993285532,0.7962433697740049,0.694539354754631,0.5320262677271963,0.7461212778613144,0.6496283207408816,0.6622495027206212,0.5075503663426086,0.5992307945015429,0.7830226214733382,0.6101991816265416,1.0182196904312482,4.005215883255005
47,1.0848892439495434,0.652054834797885,0.9473165102635959,0.8999063056463511,0.9617129430667404,0.933344737406516,0.8419961132547135,0.7271099198304488,0.8384761332421743,0.8455457720934736,0.553373132036343,0.38252651343003063,0.48920725964514244,0.636912455122859,0.6759340187376705,0.510498742738827,0.5349194715722643,0.9179125360397886,0.6635435941340322,0.49649475375448826,0.7654597298329963,0.5855776261271882,0.6837117145406897,0.5291574824384487,0.6570156485731443,0.7464870973458273,0.6309502483026819,1.0054149776697159,4.047765016555786
48,1.0677896561947735,0.6324863872586723,0.9441659070324006,0.8942369954910846,0.9724755524663236,0.9174578760633506,0.8434989852304202,0.729354297539011,0.7890220522475743,0.9060563918271582,0.5210948355659092,0.3523517586506693,0.42142742647834774,0.6825075945870929,0.6863143917984438,0.5224342776640541,0.5792960501263419,0.841833542419271,0.6197124017544148,0.44897338970668166,0.7822625594529594,0.5130940775042339,0.667655153587297,0.513278430890104,0.6430020220763059,0.735872901584439,0.6090405430395892,1.0431529175151477,4.112924337387085
49,1.053158936175433,0.6521470669327497,0.9488923119092816,0.902754610836207,0.9694689518553473,0.9291709822943275,0.8506823686656155,0.7401629849512997,0.8242681871852241,0.8788455141877703,0.5370125679869584,0.36706574249106144,0.46937923796220515,0.6274178403755521,0.6956334046632019,0.5333112693549038,0.5512909414298567,0.9423708776265145,0.6576167942371336,0.48988753093302806,0.8148745293724834,0.5512368998293595,0.6852362838882273,0.5326068819325732,0.6649532239874423,0.749967783004799,0.6300875889624312,0.981055657971989,4.0848517417907715
50,1.0500831427899273,0.669406440043223,0.9425361691184833,0.8913176428292323,0.9662547268890089,0.9199541470331744,0.836686078983016,0.7192263961318148,0.8047401578320461,0.8712731737601385,0.5583947911646094,0.38734237899689056,0.4745033189345225,0.678320905827082,0.6952435592710894,0.5328531345533631,0.5745471711667216,0.8801355757409698,0.6988210900473727,0.5370676428138655,0.6799688724924671,0.7187484767243042,0.6972863798665219,0.5441223881239835,0.6334398801064394,0.7871195330131237,0.6508198134943571,0.9768797646869313,3.9240899085998535
51,1.0647955597801642,0.6647808515633009,0.9456900881589223,0.8969754315479411,0.9672644394434974,0.9250571494437452,0.8414416042690743,0.7262832908290437,0.8180812669807234,0.8661752673069687,0.5303437426368787,0.36086243975746357,0.4659479171458367,0.6153935376967348,0.6866223693562086,0.5227912774939223,0.566985136264553,0.870250368651541,0.7184895251282246,0.5606583318798973,0.6500310715236562,0.8030648306116985,0.6942243103475965,0.5426488349900818,0.6252613479786924,0.7887210010667358,0.6451518790404372,0.9768925580111417,4.133033275604248
52,1.0666623203591867,0.6569198418775716,0.9480736393176203,0.9012737723414495,0.9664266543340904,0.9304047025181925,0.8456123057991354,0.7325202010096947,0.8217757877604585,0.8708729412205914,0.509011390397453,0.3413918705476497,0.3825250325061294,0.760469483568033,0.6604827039040332,0.4930751591106848,0.6915192207148713,0.6321124599513716,0.7383679433573738,0.5852482421239921,0.6431345598241809,0.8667072873506662,0.6883685858644989,0.5380588681980053,0.6347386502014101,0.7825405430226655,0.6359540125529534,0.9817543598738584,3.9613842964172363
53,1.0466367561708798,0.6667612258836113,0.9470449200929559,0.8994162601661623,0.9663479737676405,0.9284979309295301,0.8372009487184935,0.7199876434331666,0.8051900818008922,0.8718624187073877,0.5654330838218626,0.39414897795652915,0.47762330694507676,0.6928030930681749,0.7039617533640765,0.5431643357681171,0.5944339765663788,0.8629685176276489,0.674075599519934,0.5083816236249045,0.8077125984921285,0.5783816719473203,0.6951678463560916,0.5414206451956793,0.6712399909511191,0.751503925337633,0.6478234789019578,0.9933785037560896,3.746267557144165
54,1.0552700067108327,0.6694629532541334,0.947199565434625,0.8996952644929855,0.971348808668969,0.9242219687899978,0.8465990308180735,0.7340023577564196,0.8198918243111368,0.8751047464322014,0.5249783625988256,0.35591231293649334,0.39294047246514174,0.7906600386633089,0.6847476603318499,0.5206207506193206,0.6299702347152323,0.7499583400146281,0.7396174776437445,0.5868198459790184,0.6548113225266884,0.8496587862539087,0.6989856328481233,0.549338816822813,0.6244034635045498,0.8163454778410117,0.64978116685814,0.9578545499931682,4.057179927825928
55,1.0617574683644555,0.6638414387292509,0.9488268006602206,0.90263602730374,0.9586313905822497,0.9392207369918087,0.835255575321865,0.71711489458529,0.824699704213878,0.8460851730376473,0.5578480092531085,0.3868163777690302,0.47586029388822904,0.6739685169842212,0.6702620953850702,0.5040557940469984,0.7411819383544923,0.6117289365541811,0.7062761660187026,0.5459249860499307,0.5671256041322623,0.9359127467705985,0.6924104614946867,0.5384780131128124,0.6522168851472154,0.7669238433366621,0.6447954235522938,0.998325144702738,4.107208728790283
56,1.0757991075515747,0.6466838401618348,0.9472136801192867,0.899720733668549,0.9724743382341722,0.9232321208647836,0.8492592164675079,0.7380108784017287,0.8056920459895102,0.8978074560706497,0.5510827202205106,0.38034105045967836,0.4576969280933418,0.6923446561722898,0.690164364108885,0.5269091366867175,0.5669880063728666,0.8817139389594473,0.6312793107208844,0.4612185054741663,0.7825416854438232,0.5290214477211473,0.6804464028794469,0.5266198927555726,0.6532296664748855,0.7502218747308835,0.62417546501676,0.9738812026652423,4.093591690063477
57,1.0396626876159147,0.6423764890378921,0.9466155408012061,0.8986420224209534,0.9764599620320018,0.918541338389716,0.8520642583301415,0.7422578001541064,0.8109822114964389,0.8975305997763391,0.5085840557538587,0.3410075222247474,0.36264618179848945,0.8510798122065257,0.6490259623465747,0.48041334937413055,0.6761388219822818,0.6240036975201894,0.6996235259158265,0.5380161359875077,0.5765780711213053,0.8894345600779374,0.6773244505866003,0.525423701935123,0.6065863215996289,0.8155121673952479,0.61907784800542,0.9728815677491102,4.339209318161011
58,1.061773153191263,0.6681375531898224,0.942856311903637,0.8918904047958444,0.9751109907442169,0.9126671477783586,0.8340962646225939,0.7154074897552283,0.7766873692963826,0.9006692914551542,0.539793367351876,0.3696691655022455,0.4159575072260906,0.7686219276442546,0.6985270450887769,0.5367203693728889,0.616825919083539,0.8051758994626395,0.7107726766512236,0.5513167955554859,0.7282170275055306,0.6941445283938158,0.6957973384286176,0.5432784550464621,0.6344219557778857,0.792152911738966,0.6496976963639588,0.9686457311565225,4.170267581939697
59,1.0320632403547114,0.6212958126764138,0.9430855207249712,0.8923006915108814,0.9745156048641018,0.9136194594944157,0.8489351304127941,0.7375215357908012,0.8130507814511816,0.8881332779291697,0.5443379976388057,0.3739453229910846,0.41898164700272855,0.7767301850317162,0.6345980082160745,0.4647700911780268,0.4856577546887066,0.9152997475247392,0.6090716595955677,0.43788859706350614,0.8377285625892554,0.4784730684864441,0.6592356989658105,0.5035313867558546,0.638854686432968,0.7646590697430173,0.5960025551501493,0.9828910421241414,4.077481269836426
60,1.0388838960365816,0.6427460142804445,0.945662073155175,0.8969250266706525,0.967810590126358,0.9245046209673863,0.8386950025769483,0.722200459343602,0.7931302659442001,0.889814155894271,0.5007285677901954,0.333981263854379,0.40248748204527934,0.6624136978734789,0.6932006771339737,0.5304568689350637,0.6195881777546495,0.7866631452188237,0.6689924684849964,0.5026210991635214,0.8326859901627283,0.5590848159882671,0.6754041789965285,0.5223149228241415,0.6619729789767143,0.7244939537437102,0.6209739044697219,1.0096545070409775,4.002152681350708
61,1.0655506639318033,0.6233744669632842,0.9498456443813559,0.9044819357262995,0.9736398822244373,0.9271866509481896,0.8535287905477499,0.7444834056980294,0.8103106071055814,0.9016168210185701,0.5862627930508353,0.41469007830386406,0.5385643463622829,0.6432311516155402,0.5958146126707375,0.42431335495092076,0.6376545002742857,0.5591273097710568,0.6113278873067913,0.4402247886444368,0.4443317264102838,0.9794357786984536,0.6617335208940285,0.5059279068993128,0.6077152950381085,0.7708527652759052,0.5978017643427881,1.0177967372265728,3.9386415481567383
62,1.0431293282996525,0.6767449800462351,0.9472462390479429,0.8997794870771125,0.9678912602609249,0.9274635370211594,0.8458643850772566,0.7328986075296515,0.8171728560841369,0.8766439884677713,0.5398670821726332,0.36973831325982226,0.4313011378269542,0.7214747307373255,0.7096940284920932,0.5500199519829504,0.6479724482560523,0.7844119339350989,0.7243006944636382,0.5677675697715532,0.663382494551687,0.7975383865463808,0.7049315475514053,0.5551061106359942,0.6399572341797076,0.7950172599216441,0.6579539350427882,0.9645374281839891,3.8631198406219482
63,1.043964226137508,0.6738278060448839,0.9418326548308608,0.89006021507904,0.9788563476749105,0.90750761493231,0.8477875680886023,0.7357910265576749,0.7840624242612266,0.9227876911961627,0.4894158616690701,0.3239911298220263,0.35355130979959676,0.7948743441037948,0.7262550954807439,0.5701731115107785,0.6667674478522916,0.7973972727644058,0.7478258736369316,0.5972219501204573,0.7527471170703538,0.7429685595904982,0.7028210997188369,0.5567943045027343,0.6392820747458672,0.8145069669137154,0.6544989435955818,0.9502406716346741,3.9693281650543213
64,1.04050416092981,0.6126485015839567,0.9501449285672929,0.9050248500211154,0.9645310307905983,0.9361816607805283,0.8528498513172491,0.7434509356046889,0.83522172719793,0.8712381349064913,0.5316795155188481,0.36210045500163623,0.5028985721392052,0.5639547086439898,0.6799340238651209,0.5150757887540979,0.5362942761480652,0.9286655284843962,0.5462648487901366,0.3757664168301293,0.8196103769443581,0.4096453814281983,0.6526820598728387,0.49909839904763814,0.6735062381073895,0.6933759383657688,0.5859594627247019,1.02782403068109,4.026005506515503
65,1.0572710579091853,0.6009173779746426,0.946304866260257,0.8980822212793758,0.9736911129867802,0.9204170182388657,0.8495189601069004,0.7384032684153023,0.809257623740169,0.8939961171028055,0.5080521884570934,0.34052946391716493,0.379068370096263,0.7700856117094299,0.6587952160323187,0.4911965897432957,0.5444232813789085,0.834001465173798,0.5530375353904298,0.3822058615319053,0.8442014935640589,0.41121130879841505,0.6423509749966856,0.4880837959019171,0.6442376921948498,0.7273236256961121,0.5732949799599473,1.0245475647124378,4.032537221908569
66,1.0826112065802922,0.6546004874706179,0.9407030419755428,0.8880446930857927,0.9832636860231682,0.9016740131736256,0.8385905345971324,0.7220455486009354,0.7562140206213337,0.9411080766038125,0.5167826900957992,0.348420077519981,0.3989686973192621,0.7333333333332928,0.7114118307212393,0.5520862659475025,0.6080881811631086,0.8570355068840891,0.6742769258859769,0.5086106888021047,0.7956675588997526,0.5850231537898741,0.685265495325037,0.532790645217631,0.6397346145008642,0.7791250176527672,0.6341571489010052,0.9706117578528144,4.434837341308594
67,1.0337589877572926,0.694691133339304,0.9501368629514249,0.9050102145909178,0.9753025954096679,0.9262371657539065,0.8573151648359812,0.750263885940977,0.8113035406935448,0.9088595001189302,0.581718347628055,0.4101571409706843,0.47318745239247717,0.754852250759417,0.7097505416348642,0.5500878431169295,0.6369441077609207,0.8013494691102747,0.7383965002561002,0.5852841248506298,0.7143345370865726,0.7641359980501605,0.7217951385887502,0.5739482487198051,0.6589424094833788,0.8072993045096957,0.6766217965063398,0.9371477013284509,4.465238571166992
68,1.0341883132403547,0.628145259236077,0.9448599508825654,0.8954829756228927,0.9745982637195538,0.9168827354128006,0.8491632513900611,0.7378659505057864,0.8064487922662394,0.8966556154451223,0.4477288969758857,0.2884347303145862,0.3096619594876299,0.8079756973211373,0.6423983739837298,0.4731862143306176,0.6389041794562994,0.6459309984876436,0.7206358426972873,0.5632765609258633,0.7156945229023259,0.7256458688763876,0.664981591261741,0.5156908640192134,0.6176773635281236,0.7690520450325726,0.6035877045523009,1.004884054714983,3.9837114810943604
69,1.0489010594107888,0.656169124466415,0.9445809878418211,0.8949819711038652,0.978987646827501,0.9125106715329563,0.8484190865021227,0.7367429214548951,0.78950732393073,0.9168315795811282,0.5289113323441982,0.35953735758635474,0.3999275667814356,0.780701463684022,0.6894060704050821,0.5260256856356458,0.586278851980376,0.8365576589917706,0.6861066499713951,0.5221935630897727,0.7768924916779083,0.6143187911284052,0.6882107848056995,0.5361248819416671,0.6381515585926125,0.7871023733463314,0.6348080175735585,0.9546364193612878,3.998202323913574
70,1.0376897650686177,0.5823078163997251,0.9417683148258309,0.8899453002778216,0.972014761724677,0.913347435038897,0.8530249266427555,0.7437170575520144,0.8209582333243386,0.8876985000409565,0.5222067595249423,0.35336929769490055,0.41551688094490125,0.7026125379728968,0.621345807635808,0.45069010856906044,0.4633110217549403,0.943002851743873,0.5131318452907481,0.34510917707500965,0.7906619820138776,0.37981355106017667,0.6274273347735635,0.4732214102227463,0.6226120295095144,0.7282818602044757,0.5522281374838328,1.0173933533104984,4.122102499008179
71,1.0480130050670018,0.6430237940698698,0.9495609436518584,0.9039657635665352,0.9730443989054007,0.9271842766698996,0.8593555414600754,0.7533947454232046,0.8273559723975605,0.8939299874353588,0.5079609646614266,0.34044750347041697,0.3771880702111539,0.7775365921015864,0.6748943649517374,0.5093136328917329,0.5948056121066359,0.7799063672178116,0.6741054701330433,0.5084156054257836,0.7733521575555243,0.5974348038020596,0.6790790853015707,0.5278928718027845,0.6431754530677186,0.7622019376392042,0.6189869332487358,0.9708394218574871,4.152003765106201
72,1.030097372829914,0.6861167121462848,0.9518621342765721,0.908145927558484,0.9602003013401308,0.9436675341073546,0.8520827717545393,0.7422858990076393,0.8636368244441922,0.8408337865354033,0.5376157476670829,0.3676296067941332,0.4207727567945512,0.7442971554818699,0.7235420802434889,0.5668358267395975,0.6536345442139088,0.8101939626034563,0.7418702886588646,0.5896612105822134,0.7649004051097702,0.7201864489397563,0.713777722080994,0.5666031357808958,0.6757361326406056,0.7788778383901214,0.6676760388564787,0.9520090520381927,3.9492082595825195
73,1.0431794327768413,0.6800156502507795,0.9463983190925017,0.8982505782235854,0.9584939929330251,0.934604122448088,0.8263511308458331,0.7040871870318193,0.8279649907502691,0.8247435501366475,0.541203898964327,0.37099351895724086,0.418577046447134,0.7654515327257241,0.7280190154324997,0.5723505494699208,0.6570671351258143,0.8161489823958794,0.7220455428238274,0.5650009973119798,0.7192170044009818,0.7248964172556224,0.7044048970166217,0.5531080631927402,0.6557065441810498,0.7828101206284683,0.6637561524068847,0.9767494878985665,3.6891183853149414
74,1.021062357859178,0.6564783155730534,0.9487106376616911,0.902425794123457,0.9664379900067522,0.9316219158548981,0.8521307785729206,0.7423587658474854,0.8280925419130563,0.8776063231806155,0.5513410702922559,0.38058721689824165,0.47694305428411654,0.6532394366196822,0.7017360510572861,0.5405187840490904,0.5753172831311858,0.8993589078480841,0.6511403377029954,0.48273393882515053,0.7880537331001447,0.5547587131366953,0.6890870594063645,0.536549676404992,0.6671016531071258,0.7462408451962692,0.6347391530175125,0.9684331132607027,4.016552925109863
75,1.038568843494762,0.626058980202556,0.9454219049985628,0.8964930235889971,0.9758000393708545,0.9168780999170915,0.8554809581734798,0.7474589123552118,0.8132189863543214,0.9023763251842456,0.5121239222981342,0.3441979678100257,0.37870426708287136,0.7906876553437839,0.6683033035266962,0.5018434792971596,0.5517184905861118,0.8473609578337798,0.621275722125863,0.45061636477730826,0.7798639681180312,0.516286863270746,0.6642959765310432,0.5110291810599263,0.630876428035334,0.7641779504081389,0.6005676493168978,0.9753265177661722,4.038425445556641
76,1.0292132239450107,0.6542285321109509,0.9508776402970351,0.9063553278630481,0.9688859532201515,0.9335265392870123,0.8582237001092284,0.7516566075082577,0.8408707980895137,0.8763079115757472,0.5262599628005549,0.35709144728171266,0.39753753787642554,0.7782601491300315,0.6744545770627969,0.5088128746039574,0.5972512806588248,0.7745801773929094,0.6939726671367418,0.5313615187634063,0.7729523524571191,0.6296368510845338,0.6882277267773306,0.5372306120393335,0.6521529922704707,0.7646962722958055,0.6315624023333646,0.9681907309727236,4.01390266418457
77,1.0126088925383308,0.6246507529583006,0.9421407652479358,0.890610711044887,0.97368410894186,0.9125770382642071,0.8413819695435225,0.7261944380513665,0.7947655778953977,0.8938075982000843,0.4401159232192963,0.2821465580491146,0.3002243528476654,0.8241204087268255,0.6135878862114744,0.442572507921023,0.6347676732366884,0.5937758409814591,0.7480047105823905,0.5974500997766052,0.7323389474298296,0.7643553497440431,0.660772622389171,0.5120909009495274,0.6155241378523952,0.769014799413103,0.6005695066710537,1.0197846063158729,4.138788223266602
78,1.0319187444719402,0.6719866607792344,0.9457380577867246,0.8970617452065851,0.9805884595863603,0.9132798246380658,0.8477108765910498,0.7356754996377722,0.7797603508047809,0.9286347382104082,0.5495009441596868,0.37883578203458124,0.4323224196041524,0.7538193869096518,0.6927623420857314,0.5299436853670905,0.6082835482037983,0.8044904747980417,0.7151219574883467,0.5565679650735107,0.7563954436711099,0.6781196685351768,0.7012740300812037,0.5502557330282387,0.6441904405709603,0.7912660671133196,0.652461747911255,0.9569698206403039,4.017682313919067
79,1.025659710846164,0.6652882617170259,0.9446235485935357,0.8950583910932144,0.9769577031198402,0.914361138807883,0.8519833708443553,0.7421350433494862,0.8010108878547881,0.9098840164593737,0.524404472532805,0.35538497018415727,0.39639031008846437,0.7745429439380958,0.6971536870646566,0.5351004797288431,0.6224438878101888,0.7922440111805719,0.712074922511173,0.5528853618562687,0.6542678071983824,0.7810870095051924,0.6964041132382476,0.5463764637796888,0.618528223237956,0.8144394952708084,0.6445443607028781,0.9410073499787938,4.0308732986450195
80,1.021731168709018,0.6760446911834552,0.9494128517338786,0.9036973784619204,0.9666103142496624,0.9328166300782835,0.8490980772023073,0.7377675372530967,0.842629180993107,0.8556670657476904,0.5598930746002562,0.38878576633803874,0.43639169689017865,0.780889257111252,0.6873520944956014,0.5236378252030038,0.5798342022196987,0.8438206451166371,0.7232044424482236,0.5664214902462145,0.7463098733979796,0.7014867170362721,0.7048869221865972,0.5541531547600884,0.6512912383752409,0.7954659212529629,0.6568165371813605,0.9526071805845607,4.221224546432495
81,1.0353189693255858,0.6248795224846648,0.9486503457219565,0.9023166953656251,0.9639545988700475,0.9338244546819797,0.8523073675943867,0.7426268528080674,0.8345150332756514,0.8708749152405152,0.44317170547645385,0.2846631879927919,0.33532932434002344,0.6532615299640622,0.6712277007830768,0.5051487761888527,0.6199877983476986,0.7317002619076585,0.6844298794912232,0.5202534390386812,0.7976209782043983,0.5993724104313551,0.6627841633362851,0.5131730640070983,0.6468632835419429,0.7138022793858978,0.599609761916918,1.0296766338023273,4.206303834915161
82,1.0232746601104736,0.6741517838488646,0.9526339983019806,0.9095521496377995,0.9647066433762607,0.9408597804380489,0.8522601254817376,0.7425551245568202,0.8498484926552633,0.8546854843405892,0.5410757672796661,0.37087310988780237,0.4281416413275921,0.7349351008008431,0.707539072607946,0.5474355608069549,0.6428982572631002,0.7866317037204478,0.7144710644480238,0.5557798387021499,0.7013416910236585,0.7281013892273501,0.7038365074543435,0.5541609084884318,0.6555575205674036,0.7760884195223076,0.6543619681118787,0.9640336578542535,4.2757227420806885
83,1.0206440585580738,0.6748175314641904,0.9467395166789023,0.8988655054195923,0.9770094548428992,0.9182888734648726,0.8475652882247809,0.7354562298103509,0.7975695496380146,0.904248189576973,0.5205117282193523,0.3518187593287827,0.3978582546556708,0.7524937862468515,0.7204876090243445,0.5630954526942544,0.6583739900862402,0.795542224360219,0.7258706715620109,0.5696993667447303,0.6652371623747365,0.7986656105288326,0.7036088242576222,0.5550174521445296,0.6297597391886656,0.812737452678219,0.6556233362685693,0.9439675929871473,3.7630081176757812
84,1.0355758145451546,0.65467789531452,0.9400341811663111,0.8868532970248589,0.9819813906347258,0.9015238683369968,0.8397153945957971,0.72371501844004,0.7732033307486179,0.9187473659171597,0.5234904379172232,0.3545459178596738,0.3874147422909956,0.8069096934548021,0.6768186717855346,0.5115086325310008,0.6093779109287125,0.7610446123420218,0.7020454098137102,0.5408859563514843,0.5991463593215408,0.8476175968802797,0.6855174785280662,0.5326638812955498,0.5922855858224667,0.8335798171485658,0.634118173172156,0.9749515666203066,4.099091291427612
85,1.0157424787228757,0.6884049159420356,0.9513152626835403,0.9071508612949934,0.9706345317265853,0.9327500372252908,0.8603325386305886,0.7548978695915588,0.8301872765054409,0.8927495235209365,0.5707819058579732,0.39936655447999975,0.5051222406028252,0.6560618613642277,0.7112421153487782,0.5518818730961732,0.6165884880101563,0.8402268818522551,0.7258815190565041,0.5697127307336305,0.6811734347702612,0.776870582500562,0.717059519723461,0.5689647569753405,0.658267859972171,0.7914772123094953,0.6693018467544185,0.9387060525742444,4.266324520111084
86,1.025152902034196,0.6613648155257787,0.9497122428253603,0.9042400393013857,0.9618049319750556,0.9379198586105962,0.8529681229383188,0.7436307046002444,0.8430833768398645,0.863087406641191,0.5003253586798851,0.33362260379322345,0.4213263192901145,0.6157856945594798,0.7112486196107976,0.5518897053642734,0.6181551045418953,0.8373531289006846,0.70865269914914,0.5487700316423114,0.7716475535716294,0.6551669510114151,0.6932987000945354,0.5444782613500132,0.6635530885608758,0.7428482952781925,0.6400755591466075,1.0061287040060216,4.021101236343384
87,1.0288918282498012,0.6472339357767001,0.9496927959689013,0.9042047815381661,0.9689336577275508,0.9312012163540732,0.8538340728982506,0.7449480504601083,0.832762694179946,0.8759994709626561,0.4859658003760883,0.320974123633933,0.36313085656384797,0.734382767191343,0.6709366291584762,0.5048191409666635,0.6014894746946228,0.7585135717227501,0.7159326654216858,0.5575507188311094,0.7924360861108265,0.6529003168412958,0.6816672919636252,0.5320730084729535,0.6474547778873108,0.7554490316795113,0.6242783649854168,0.9850155033848502,3.862569808959961
88,1.0291640616276048,0.6740928087935061,0.9472981959112526,0.8998732520756575,0.9815018608090568,0.9153981331162856,0.848604724990472,0.7370229350502154,0.7766112548946943,0.9353098865826807,0.5862725210607128,0.41469981293749075,0.4872069594725366,0.7359072079535632,0.6859506296503504,0.5220128292956213,0.7153722992048861,0.6588534543201984,0.691884636937133,0.5289171402414616,0.5498441360684742,0.9328722885692826,0.7031781281596672,0.5506631793811974,0.6322586624101478,0.8157357093564312,0.654702595882732,0.9502462704073299,4.114930152893066
89,1.0299571264873852,0.6777711547635765,0.9498691342172222,0.9045245361007276,0.9771206184373981,0.9240964712232373,0.8543690741292086,0.7457629283879578,0.7960543136980804,0.9219028367653269,0.5557157356468103,0.3847689470574429,0.45561126599317847,0.7121955260977236,0.695782494022518,0.5334865471699405,0.728797455281505,0.6656290972202362,0.7229492614995242,0.5661084870820541,0.5993912244889534,0.910675115768894,0.7072041413245153,0.5575317274243488,0.6449635648654294,0.8026006439630452,0.6581491637229507,0.9655303900892084,3.8983945846557617
90,1.0124071565541355,0.6549727572334731,0.9510333997873003,0.9066383997302285,0.9761992146164611,0.927132494791002,0.8535974145092524,0.7445878309353672,0.7993085904151955,0.9157981801510278,0.5471418942901587,0.3765969244620999,0.42814165699233453,0.7577575255453876,0.6928001564721108,0.529987943237793,0.6307128147693034,0.768445941059743,0.6587680018462232,0.4911663327097966,0.8465269340781527,0.5391786497684292,0.6880768667794364,0.5355847578362642,0.6761724990637465,0.7452950741311468,0.6329033508694976,0.9734045036814429,4.240798234939575
91,1.013271652162075,0.6817463007202305,0.9508876643476116,0.9063735426924555,0.9749335906561769,0.9279993324886169,0.8575951213784372,0.7506928037748055,0.8226073934812633,0.8956913067123542,0.5532017964373911,0.3823627891403113,0.43589662027831616,0.7568903617784724,0.6895905788555855,0.526240553317564,0.6087572933315214,0.795177502979057,0.7438302533149791,0.5921415121466791,0.7125937667440216,0.7779307823543274,0.7110544374965982,0.56285941459484,0.6449637684587807,0.8064224884560528,0.6622075428693185,0.947008109905503,4.4798712730407715
92,1.0296092913909392,0.5931760240489743,0.9423918460366871,0.8910595502740213,0.9733409400752188,0.9133502615606709,0.8596901799088676,0.753909301456478,0.8287524112928156,0.893027366825209,0.365722743573569,0.22378255717348192,0.23235776927929708,0.8584313725489722,0.5616054970251817,0.390439129087115,0.6947234259494962,0.47129862820741103,0.7633617795948747,0.6172878753050313,0.7577658769706921,0.7690409456494778,0.6375950500256232,0.4963547157555266,0.6283998708730753,0.7479495783077675,0.5635633400645418,1.0662450262091376,3.9371020793914795
93,1.0310705249959773,0.5952295135398804,0.949098023572193,0.9031270707077147,0.9717192655366886,0.9275060479086386,0.8542861880206735,0.7456366320179166,0.8203012611067342,0.8912088009704238,0.5384089636524027,0.36837182923469813,0.42113597610963804,0.7462027064346453,0.6770369669419299,0.5117580386028914,0.5512024273743239,0.8773215616363137,0.4838903851983776,0.31916583106802143,0.867495313262935,0.3355227882037329,0.6384056259533459,0.48623308273088195,0.6650337444634078,0.712563964311279,0.56644543859757,1.0113763822750612,3.9481520652770996
94,1.0104835358532993,0.6837767895837967,0.9513488866481764,0.9072120122081041,0.9656763343397952,0.9374403674568745,0.8534002098154922,0.7442877777591128,0.833049472601796,0.8747701500551202,0.5637510321459961,0.3925162313525171,0.4941597823645188,0.6561557580778428,0.7377476551693385,0.5844692293032038,0.6314401899633494,0.8870967234814263,0.6932905413588237,0.5305621205801664,0.7739762040680846,0.6278393858152188,0.7120473596224126,0.56295883974875,0.6831564122494371,0.761465504357402,0.6649297428913861,0.9502381194721569,3.955824375152588
95,1.0217699652368373,0.651862730067935,0.943718377606834,0.8934344379377701,0.9577008374968747,0.9301383311062217,0.8264178917423564,0.7041841264684038,0.8106163011677827,0.8428477803626431,0.4847886194481701,0.3199478473238587,0.3897589673675667,0.6410991438828698,0.691459313492325,0.5284201864121933,0.6213993110744375,0.7793246994978548,0.7211552033718361,0.5639114341890846,0.7817163515253608,0.6693029490616214,0.6809552570136719,0.5291158985983851,0.6508727327837869,0.7331436432012473,0.6324677121041105,1.046134887771173,4.246066570281982
96,1.025260946967385,0.7018304685245003,0.9511513403177165,0.9068527966711983,0.9750362807477991,0.9284086128414754,0.8582990897220881,0.7517722741529231,0.8100095434516077,0.9127113064952119,0.5815701167440125,0.41000977461714627,0.533300166754165,0.6394476663904645,0.7231155518946849,0.566312443516458,0.6253837153279503,0.8570512276332771,0.7486495298689405,0.5982732637568203,0.722755037801192,0.776468437728444,0.7279085720574315,0.581591939010837,0.6728621158337287,0.7964196595618493,0.6844450661692126,0.9345994943922217,4.0537896156311035
97,0.9970863834023476,0.6134100607913675,0.9464783761337011,0.8983948261643063,0.9679436843045789,0.9259444511590029,0.855727050515566,0.747834728506974,0.8322920840643343,0.8805199765881193,0.47684109361103083,0.3130606344557328,0.3530220728398311,0.734438000552293,0.6680315120499796,0.5015370244067261,0.5699393724044378,0.8069083260231595,0.6145852468050259,0.44361101640335515,0.7987021212327121,0.4994516207652632,0.6537962257454006,0.501510850943197,0.6384889126353288,0.7303294809822088,0.586485950822012,0.9943902600895275,3.6138150691986084
98,0.9821892197836529,0.6711349584669372,0.9462282634702285,0.8979442422571516,0.9783207438034377,0.9161744090562652,0.8482183145885328,0.7364401824860689,0.7928443933373919,0.9119078803862323,0.546828409176765,0.37629995840132113,0.4211454612195804,0.7794366197182667,0.7030198361272431,0.5420436300490824,0.601382143439834,0.8459995409540971,0.7045288447229384,0.543839854598894,0.7703706382208808,0.649055569095744,0.7006488511538698,0.5496559063838417,0.6464356590544218,0.796599902538585,0.6514590300089821,0.9446351067586378,4.1107470989227295
99,1.0151932124387135,0.6332660716669067,0.9506716207600685,0.9059810442262853,0.971615506861985,0.9306116039120408,0.8545105247828574,0.7459785037491277,0.835395823728017,0.8745204365347616,0.4640808802924272,0.3021519000172253,0.323114710740928,0.8232366749516253,0.6414526816586167,0.472160721234024,0.630856322852485,0.6524110913029466,0.720516502011026,0.5631307501374552,0.7508174413918797,0.6925664148183833,0.6701401471862318,0.520855468784458,0.6350460746783274,0.7606836544019293,0.6086833546540232,1.0046534226699309,4.0233728885650635
100,1.0083755857565186,0.6630439544518063,0.9526769685832562,0.9096304960414583,0.9667012848131465,0.9390537460854077,0.8544482561435316,0.7458835977736414,0.8587134873687337,0.8502251863228013,0.5096600207749401,0.34197567526837114,0.36351878856124303,0.8523004694835209,0.7088792425279905,0.5490417828274738,0.6444416432351058,0.7876346875186436,0.7067911661552468,0.5465406264307158,0.8249229693584039,0.6182549354130746,0.6949446714004273,0.5458604205750506,0.6728992221308716,0.7771038196845101,0.6417768098193924,0.9600936526601965,4.070724010467529
101,1.0146291784264825,0.6548441149244235,0.9470076112946771,0.8993489615428693,0.9757584290481498,0.9199025912760187,0.8597379743730047,0.7539828171514009,0.8234837714949818,0.8993313994518102,0.5331466340905263,0.3634628017231746,0.3959168031216143,0.8159734879866989,0.6749882805876578,0.5094206116810972,0.5592547677140268,0.8511213610395549,0.6880994769455593,0.5245058332193414,0.7932005472652015,0.6075920058493415,0.6889930914991871,0.5378430159437536,0.6429639723989562,0.7935045635818513,0.6320781305412478,0.956917098977349,3.6300148963928223
102,1.0053477774966846,0.5373875137848572,0.9513525761236599,0.907218722387141,0.9635632182974999,0.9394475370989452,0.8570270506367903,0.7498226892546058,0.8407781455302837,0.873916386438084,0.4850148436317093,0.32014494768673685,0.40233927069794423,0.6104556752278039,0.6413854822588937,0.4720879056447079,0.5308365233658614,0.8100902056588154,0.3792157031799907,0.23397049436128836,0.8865025866121232,0.24119546673164505,0.590660769926846,0.4440065092368347,0.6651141315515532,0.6339144335140872,0.501872009690198,1.0901253711093555,4.156518220901489
103,1.0118484171954067,0.5950755621481982,0.9537162172378947,0.9115272863354152,0.9627317043050554,0.9448680144351588,0.8587205959651623,0.7524192524015353,0.8579946141256485,0.8594478074067159,0.48448510299789127,0.31968349763916387,0.3642415054451282,0.7232421982877258,0.6406579204126618,0.47129999875171175,0.5821347716929443,0.712263127611587,0.5722019850950535,0.4007583559591564,0.9099702380951172,0.4173044114062626,0.6390164011176922,0.4860402761878918,0.6785852823397096,0.6780643861780729,0.5657816695018688,1.0455080040476539,3.845592737197876
104,1.0015091252597896,0.6716945010202464,0.9514002065329557,0.907305353730128,0.9703221079858022,0.9332021676482414,0.8613087560009464,0.7564023703001814,0.844004852333962,0.8793370451487923,0.5702807812299548,0.39887606863154185,0.465061164743998,0.7370339685169435,0.7127639808490366,0.5537166224723592,0.5855291620337494,0.9106464057650845,0.6688339893215143,0.502442207775884,0.7404456478316288,0.6098525469168529,0.703296876850363,0.5528593172949916,0.6587602067358345,0.7842174915869182,0.6506262504668352,0.9333142733032053,4.014167785644531
105,1.0000137862834064,0.6850838221021487,0.9537221812614299,0.9115381824793645,0.9645227757838818,0.9431607952837326,0.858920841867201,0.7527267812626542,0.8417672490376035,0.8767880919222074,0.5293657271006079,0.35995742575545325,0.4670794494164952,0.6108202154100739,0.7294880723747514,0.574168613858084,0.6601577818861337,0.8150894039006066,0.7384519935760694,0.5853538587638336,0.7861354395282536,0.6962222763830919,0.7140566587296574,0.5680516699100062,0.6887849799671215,0.749729996903995,0.6657685976838096,0.9644995548508384,4.289173603057861
106,0.9916291284290227,0.6694624702846919,0.9475966232838078,0.9004119943444004,0.9679458667823813,0.9280853718114139,0.8541083715087091,0.7453657486207916,0.8314275487201688,0.8780613347730475,0.5468260114078366,0.37629768747622727,0.4775274412620722,0.6396520298259796,0.6933892159700181,0.530677707887422,0.5668719349531044,0.8926052739969095,0.7066235497348815,0.5463402009446179,0.6934547203678746,0.7203022178893053,0.7002367871553613,0.5496703362322646,0.642320411325805,0.7826552141213103,0.6489462590375789,0.9676830646666613,4.091941833496094
107,1.0030795897949825,0.6556375943475904,0.9518214242417556,0.9080718173935349,0.966707938267261,0.9373864374214288,0.8563089648401995,0.7487240334279205,0.8293846774980458,0.8850399887086017,0.4763515939494448,0.31263878993198596,0.3856368063249625,0.6228721347693663,0.7070671487924303,0.5468707428479721,0.6679960175407008,0.7509927653112001,0.7166035834700263,0.5583649558626378,0.7623897089139411,0.6760053619302536,0.6890828227630252,0.541649630517629,0.6613518025694125,0.7337275626798554,0.6333407754039672,1.0076164305210114,3.866588592529297
108,1.0071063976396213,0.6756560306755988,0.9518429472456742,0.9081109980078279,0.9639389461514747,0.9400467597150087,0.854490714546347,0.7459483091033567,0.8526286463390145,0.8563609337509002,0.5261565753983871,0.3569962498157563,0.4137456544638292,0.7224357912178556,0.7167125554865851,0.5584972864425877,0.6417591653239283,0.8114893523365494,0.7244873998515745,0.567997054491872,0.7451072571659929,0.7049780648305688,0.7054618113207234,0.5573597249633933,0.6633101808231912,0.7738160355339685,0.6557855102455156,0.9628147591244091,3.9480724334716797
109,1.0036202134056524,0.6969699836660022,0.9532254061647601,0.9106310105141853,0.970124089023419,0.9369053634155137,0.8575983602433386,0.7506977672283561,0.8296743070610827,0.8874675397098739,0.609208048274257,0.4380296042972714,0.5390413113527347,0.7003755868544214,0.73837480340776,0.5852568618652948,0.6229305914818354,0.9063420646374039,0.6897843071235444,0.526466222984391,0.7907942209827488,0.6116561052887758,0.723741379762225,0.5751126140938283,0.6956101077196004,0.7764603241226188,0.6791223862685204,0.9321552962064743,4.116111993789673
110,1.0009160339832306,0.6875576054377569,0.9539363978083845,0.9119296339245391,0.9645809944414453,0.9435241729229832,0.8604618612346342,0.7550970274385926,0.8593061256632073,0.8616207098378201,0.5689282185807122,0.397553935426264,0.46292074096145974,0.7379066556199537,0.7146015227761261,0.555937738715452,0.6364648022954014,0.8146083489754531,0.72150832302414,0.5643433868343933,0.7423038504913329,0.7018462100901351,0.7163749814039031,0.5682330221036755,0.6752488798528503,0.7789954811308406,0.6683460214603261,0.9387018274177205,3.986771583557129
111,1.01770301095464,0.6763655241596452,0.9507682121523537,0.9061565072315655,0.9719933207082835,0.9304502660491875,0.8587401936945577,0.7524493449695081,0.8216544944149483,0.8993318929567912,0.5610232635524063,0.3898765347224487,0.4730872923483931,0.6891135045567142,0.7143485086342136,0.5556315326755772,0.6116827863398235,0.8584283652621479,0.6929332437806786,0.5301437286837449,0.7537532590321209,0.6411954667316206,0.706761302415464,0.5570252852628197,0.6650444580338214,0.7720173073768185,0.6561016719890994,0.9574711444703016,3.9387929439544678
112,0.9873492541638288,0.6729942649573433,0.9490614046605234,0.9030607581349274,0.9770299937707269,0.9226495181967505,0.8602227456941618,0.7547288230611918,0.8143761998022964,0.9115392321654657,0.5480579101457612,0.37746540580057225,0.419580358033444,0.7899420049709588,0.6976777479231665,0.5357182116872908,0.603106250544279,0.8274239037135294,0.7108376432241628,0.5513949732459997,0.7826137903254763,0.6511211308798043,0.7041990117468131,0.5548268534487637,0.6549191496763739,0.7950065679324395,0.6521911004310301,0.9365997206081044,4.045855760574341
113,1.0127844058654525,0.62523622720288,0.9494736123332971,0.9038074849715567,0.974204594683903,0.925967176394065,0.8551753044143618,0.7469923628585727,0.804818846968516,0.9122538273778752,0.5519562048711365,0.38117369566299414,0.4888668280046148,0.6337420602043284,0.6973102688769218,0.5352849970466529,0.5645185466366773,0.9117908763059726,0.5497958487900875,0.3791161736307196,0.8233170447085281,0.412691932732122,0.663559406738127,0.5106418072997349,0.6703803165795841,0.7176196741550745,0.5996874408460485,0.9750919423320077,4.120107889175415
114,1.0044632906263524,0.630684120880235,0.9506046496743205,0.9058594069235211,0.9681991082496801,0.9336382434275162,0.8521017240698617,0.7423146649291781,0.8366737932559755,0.8681093133272951,0.5402865647677914,0.37013193941168565,0.4090538579295695,0.7954984810825299,0.6940377342952748,0.5314378160235412,0.5874128768077934,0.8479552021530871,0.5839221958477632,0.4123517748358042,0.815074400375461,0.4549110407018977,0.6675870547451728,0.5140590488000523,0.6620537320921999,0.7416185093162024,0.6060821649702764,0.9729439534924247,4.459973573684692
115,1.0016867315227336,0.6492209568548879,0.9487462435162114,0.9024902290856568,0.9779712174589249,0.9212172630834878,0.8532851243527488,0.7441127192765518,0.800655343659564,0.91332078514668,0.578567277792305,0.4070310671430896,0.4833995522808295,0.7203921568627053,0.6948389836789498,0.5323779786478312,0.5551380189338864,0.9284957443931656,0.6062352199274552,0.43496236136480715,0.8583370535713328,0.4686022422617311,0.6832316514378647,0.52962103160807,0.6743824921114032,0.7577027321660705,0.6265471604662367,0.9556042958389629,4.535348415374756
116,1.0094440525228328,0.5311472559714124,0.9450681728743715,0.8958571052400588,0.9810584546769034,0.9116250657307629,0.853677467881503,0.7447096641325177,0.7956605967670854,0.9208205803421129,0.48444984605925195,0.31965279723642326,0.3396720714074545,0.8443247721623394,0.6258918828434953,0.4554895462947105,0.5218395050327714,0.7817739922213487,0.3755899683747933,0.2312162330092354,0.8891948477536551,0.2380757981964271,0.5849022912897609,0.43776706016822164,0.6365917552402416,0.6962487857305569,0.49531056575918014,1.0191252339969983,4.006857633590698
117,1.001002507453615,0.6346967374171968,0.9526532900548422,0.9095873229073553,0.968677759517059,0.937150366322874,0.8569436259161263,0.7496949803573262,0.8428510405753968,0.8715154847057829,0.5661088145085893,0.3948059798656043,0.4545144302509835,0.750334161833706,0.6864994166838146,0.5226487337756749,0.5624802951163906,0.8806763695130377,0.5773996848928765,0.4058762526348784,0.8440441167851424,0.4387825980989252,0.6717378855003516,0.5182564866583709,0.6759724706819783,0.735327153537863,0.6100026386950934,0.9734646176750009,4.163872718811035
118,1.00606558336453,0.7115741891217727,0.9495635475052937,0.9039704831740684,0.9760826740399596,0.9244472991058119,0.8494737237394612,0.7383349179129015,0.7966269262561925,0.9098302244164506,0.605593214937685,0.4343016840029372,0.5150618737125576,0.7347362607014231,0.7334747629970179,0.5791236854724363,0.6658503373448696,0.8163879377835374,0.7496880778913857,0.5996008393066098,0.6904187869336481,0.8200889592980245,0.7345574448913874,0.5878402816737212,0.666989481061817,0.8202608455498588,0.6962520186086962,0.9182808128270236,4.167156934738159
119,1.000485475090417,0.6673512933259387,0.9498545504838568,0.9044980873092432,0.9583820839330519,0.941477431976078,0.8451993717169948,0.7319006857258681,0.849561656525986,0.8408816565185551,0.5114140079902004,0.34355691289269746,0.4038278185529411,0.6971444352388457,0.7055659262994096,0.5450767564255349,0.6419696130104604,0.7831479857003819,0.7257912528911874,0.5696015307837214,0.7901869628226084,0.6711004143309364,0.6969926397244481,0.5475339714569555,0.671386512727999,0.7480686229471797,0.6475903957269324,0.994849371639165,3.890524387359619
120,1.0053739181973718,0.656379916883497,0.9501726023070936,0.9050750670016677,0.9600240597005545,0.9405212761904085,0.8508222106080808,0.7403747431094091,0.8379889257477521,0.8640546764038447,0.44479487301795384,0.2860039909211852,0.4520386223258686,0.4377796188897852,0.7242490093991185,0.5677040541101173,0.6253488164808073,0.8603085668650354,0.735281770325224,0.5813799098272685,0.7289783989986568,0.741695101145458,0.6887869658375944,0.543865674491995,0.6610886908882713,0.725959490826031,0.6347752175807654,1.033393066037785,3.931736469268799
