epoch,train_loss,train_ce,train_dice,train_focal_tversky,train_ordinal,train_aux,lambda_ft,lambda_ord,amc_p,selection_score,dice_c0,iou_c0,precision_c0,recall_c0,dice_c1,iou_c1,precision_c1,recall_c1,dice_c2,iou_c2,precision_c2,recall_c2,dice_c3,iou_c3,precision_c3,recall_c3,dice_c4,iou_c4,precision_c4,recall_c4,mean_dice_no_bg,mean_iou_no_bg,macro_precision_no_bg,macro_recall_no_bg,minority_dice_c2_c3_c4,ordinal_mae_fg,adjacent_error_rate_fg,distant_error_rate_fg,exact_rate_fg,weighted_kappa_fg,val_loss,epoch_seconds
1,1.9936625835570423,1.1208268471739509,0.8728357316418127,0.8081747625361789,0.2371416881003163,1.9936625835570423,0.0,0.0,0.0,0.5105208457222157,0.8409021030306834,0.7254797935785949,0.9797499796730207,0.7365236878471567,0.6803799451928977,0.5155877577901417,0.5313788394871914,0.9455035524991255,0.19214085491128785,0.10628087671169728,0.11390788401487581,0.6134943662813065,0.4705238403359117,0.3076372504160187,0.5702642639511858,0.4004791853848324,0.6706120175422363,0.5044516923512526,0.6104427230873681,0.743939657673296,0.5034141644955834,0.35848939431727755,0.4564984276351553,0.67585419045964,0.44442557092981194,0.10811046712546529,0.09706849396222317,0.00517659139604459,0.8977549146417323,0.9284125381565357,1.6858812055804513,6.642784833908081
2,1.688289311799136,0.8462671224366535,0.842022190039808,0.7717975506728346,0.16390032253482126,1.688289311799136,0.0,0.0,0.0,0.5333149570153778,0.8766392649062967,0.7803720011926297,0.9705494707134485,0.7992992062813628,0.7316379908589307,0.5768368853576697,0.6095002555637247,0.9149935086574841,0.1990987422140413,0.11055505755979912,0.1250038198912753,0.48887531455202543,0.582472362847394,0.4109072356553195,0.4759502754268488,0.7504242787261405,0.6140519660095396,0.44305554822394316,0.8308371526711446,0.48698578474032567,0.5318152654824764,0.3853386816991829,0.5103228758882483,0.660319721668994,0.46520769035699167,0.08331933054147572,0.07937788450714794,0.0017998345767268704,0.9188222809161252,0.9464576315643992,1.5294142907316035,4.755741357803345
3,1.5443162728439679,0.7204872975972566,0.8238289749080484,0.749078357084231,0.13881808625195513,1.5443162728439679,0.0,0.0,0.0,0.552809801690803,0.9069287336756435,0.8297068650659444,0.953577253275732,0.8646314004574513,0.7435044044724307,0.5917286197571213,0.6638860955420723,0.8448219248335282,0.3344086898557316,0.20077475657985155,0.2900892987849368,0.3947122056157654,0.5238847558756874,0.3549077607327845,0.4973725216912616,0.5533825829423129,0.6013832802689745,0.429984335082616,0.4469352567521299,0.9189440092833815,0.5507952826182061,0.3943488680380933,0.47457079319260015,0.677965180668747,0.48655890866679785,0.08279770206447107,0.0776763070848943,0.002194260741654027,0.9201294321734517,0.9563587170526249,1.3787013454870745,4.7315285205841064
4,1.4714873189275914,0.6567963026463985,0.8146910186518322,0.7375432591546666,0.11932818964123726,1.4714873189275914,0.0,0.0,0.0,0.59408266642065,0.9041409576184971,0.8250522399793616,0.9659667936575806,0.8497532640441231,0.7563125183892749,0.6081210348839078,0.653171077351672,0.8981360818325067,0.3242606125446416,0.1935030082673162,0.3572855727118413,0.29682426914366833,0.5840378377905744,0.4124671219174804,0.434812888696511,0.8892083458120897,0.6942611387978008,0.5316998363352621,0.6718959499291239,0.7181665216129551,0.589718026880573,0.43644775035099165,0.5292913721722871,0.700583804600305,0.5341865297110057,0.05631601126636696,0.05281692486812321,0.0015053192109545598,0.9456777559209222,0.9665534052987477,1.2977927841923453,4.560785293579102
5,1.3880992965264753,0.5884159231050448,0.7996833778240464,0.719793357632377,0.10426521246236833,1.3880992965264753,0.0,0.0,0.0,0.5595129397097212,0.9057206449734574,0.8276868615066656,0.970321824443719,0.8491844372415094,0.7621017778843112,0.6156417096890284,0.6530705852967509,0.9148349564544159,0.3053194035603509,0.18016339137994253,0.2870401758056618,0.32608508010700904,0.5933292549994225,0.4217968256666764,0.43680627276399264,0.9246713919669587,0.5799939969695335,0.40844475004454583,0.7697668391294845,0.4652857557295929,0.5601861083534045,0.40651166919504833,0.5366709682489725,0.6577192960644941,0.49288088517643563,0.06759241893272276,0.06432768937996404,0.0013424173937239216,0.934329893226312,0.9572857609783839,1.290539806539362,4.712196350097656
6,1.3506935970349745,0.5600524185733362,0.7906411750750109,0.709080577573993,0.09155561002394692,1.3506935970349745,0.0,0.0,0.0,0.6090455838517582,0.9192709382403054,0.8506025892775612,0.9344663307471223,0.9045618240529825,0.7527303885208566,0.6035025479600916,0.7566183475996416,0.748882182500433,0.3515462159396589,0.21325815703110468,0.2732518106936688,0.4927262948921066,0.6055596107227634,0.4342671191822232,0.5259124472444369,0.7136368174103785,0.7009792747098103,0.5396213170911632,0.5933040702955811,0.8564026689874756,0.6027038724732723,0.44766228531614566,0.5372716689583321,0.7029119909475985,0.5526950337907443,0.06661512501859158,0.06474670067718503,0.0007560180893127743,0.9344972812335022,0.9661740183532996,1.2561040290377357,5.129767179489136
7,1.3116301772269336,0.5300694209608164,0.7815607562661171,0.6980108713561838,0.08118539426306431,1.3116301772269336,0.0,0.0,0.0,0.42581517965084636,0.9185751638585007,0.8494119361415421,0.9565600890644291,0.8834917755809095,0.7822217961350966,0.6423351917882363,0.7270378108787735,0.8464710634888979,0.20657570794030924,0.11518507296623244,0.12410027667328305,0.6158846299406673,0.06793870972669708,0.035163848097741604,0.4150830688816819,0.03699710492163199,0.7402984252835387,0.5876776215431564,0.7043480538529674,0.7801160429358409,0.4492586597714104,0.34509043359884173,0.49264230257167646,0.5698672103217595,0.3382709476501817,0.16357388494575084,0.1336641588654839,0.014788498382649963,0.8515473427518662,0.8807501312931426,1.3462935469367288,4.751446962356567
8,1.2952503616159612,0.5224989264864813,0.772751431573521,0.6878009316596118,0.0761768482202156,1.2952503616159612,0.0,0.0,0.0,0.5962847592800887,0.8974404787430634,0.8139610256323996,0.9774247208335696,0.8295565293625815,0.7407905417007277,0.5882981078471747,0.6128157890859737,0.9363236735566688,0.39810414318978427,0.24852061480607823,0.32545049792984604,0.5125190059158685,0.6246211685272491,0.4541448175833905,0.4881847858269809,0.8668996040064934,0.5950473542444836,0.423535523451394,0.7419718309858512,0.4966927763272122,0.5896408019155612,0.4286247659220094,0.5421057259571629,0.7031087649515607,0.5392575553205057,0.06541084466030693,0.06338566547980568,0.0008441917564755074,0.9357701427637188,0.9583798551311693,1.209168333898891,5.291440963745117
9,1.2484632364728234,0.48249612494625826,0.7659671157598495,0.6807811246676878,0.07176833333108913,1.2484632364728234,0.0,0.0,0.0,0.6205207842318479,0.9251147281198839,0.8606636934393346,0.9515633956494731,0.9000965787616482,0.8038402661339429,0.6720174934629215,0.7989378960170579,0.8088031706525705,0.34429732340739244,0.20794634705546727,0.24086732273342254,0.6034021419417835,0.6188004765053652,0.44801671733835413,0.48246087526243575,0.8625503311037614,0.7236167429887252,0.5669274796686974,0.7436936964522568,0.7045953002610557,0.6226387022588564,0.47372700938136003,0.5664899476162932,0.7448377359897929,0.5622381809671609,0.06226647032517107,0.059062134651988535,0.0012664291872337922,0.9396714361607776,0.963862649738945,1.157553498040546,5.268922567367554
10,1.2555557245557958,0.49023897404020483,0.7653167471289635,0.6787308613685045,0.06824577201835134,1.2555557245557958,0.0,0.0,0.0,0.5955879372668508,0.9211434412445354,0.8538145629917087,0.9362615537071788,0.9065058043113995,0.7605101793640432,0.61356710374099,0.7574615037715855,0.7635834951071437,0.32474480755766283,0.1938479635954572,0.2868383550488453,0.37419577587291936,0.6189350346618493,0.44815779865236416,0.4720336746127529,0.8985824099031346,0.665226604689293,0.49838167813828976,0.8094152873658148,0.5646417174354184,0.5923541565682121,0.43848863603177524,0.5814372051997496,0.650250849579654,0.5363021489696017,0.0665871912109644,0.06240600226821127,0.0015874648304596997,0.9360065329013291,0.9610040091462614,1.2377945821393619,4.87158465385437
11,1.2299906394698403,0.4714554041962732,0.7585352327335965,0.6725937273692001,0.05984440570781854,1.2299906394698403,0.0,0.0,0.0,0.504759256253732,0.9125600619307633,0.8391820366199031,0.9734390759763843,0.8588476137354748,0.7685719780211698,0.6241306550634776,0.6724728395297299,0.8967164523846648,0.37940337149134684,0.2341133905976906,0.26095945929093634,0.6947234929719147,0.582785352334481,0.41121883216100236,0.4527349342314887,0.8176633057135929,0.3238144065624048,0.19318529393771483,0.8230778343796179,0.20155497534086442,0.5136437771023507,0.36566204293997134,0.5523112668579432,0.6526645566027592,0.4286677101294109,0.09926104908907994,0.0974726349870403,0.0007896999059029051,0.9017376651070568,0.9346549704538025,1.2028079141270032,5.029720067977905
12,1.2407341958446936,0.4839634072374214,0.75677079571919,0.6680957614020868,0.06432420857758685,1.2407341958446936,0.0,0.0,0.0,0.42249200030529666,0.9271512500715714,0.8641956754234212,0.9694446710828533,0.888393790540468,0.7984473598865751,0.6645130086112606,0.7387383675611353,0.8686571166694599,0.4021301756363066,0.2516664183181778,0.286758068395651,0.6728326616249362,0.5587223203856005,0.38765765146316666,0.4089104999521558,0.8817776446706971,0.02234757221009539,0.011300050451772042,0.4872682323844567,0.011436031331592026,0.4454118570296444,0.32878428221109424,0.4804187920733497,0.6086758635741714,0.32773335607733417,0.11545564936748269,0.1127458945395174,0.0010712503447143863,0.8861828551157682,0.922284295500029,1.260091009465131,5.128921031951904
13,1.2059864056381313,0.45230844752355054,0.7536779560826041,0.6667449074712667,0.058955256403847175,1.2059864056381313,0.0,0.0,0.0,0.6522452979235687,0.9278071838833228,0.8653361316518634,0.9658323895339901,0.8926626981110746,0.8032255484054449,0.6711586693175523,0.7356580372504529,0.8844599756005733,0.4183586860950203,0.26450920472108636,0.33888012910501975,0.5465404253341026,0.666434357731254,0.4997386979747573,0.5381311276139772,0.8750723769591403,0.7151512146445095,0.5566034095184534,0.7675089964545808,0.66948070786187,0.6507924517190572,0.4980024953829624,0.5950445726060076,0.7438883714389216,0.5999814194902613,0.05059410843515835,0.04921744930115487,0.0005886202322808552,0.9501939304665643,0.970187107136947,1.1109474843198603,4.721257925033569
14,1.1878790692849592,0.4409480748528784,0.7469309954480692,0.6599550118500536,0.0518401955910535,1.1878790692849592,0.0,0.0,0.0,0.6634952230369475,0.925060269576387,0.8605694285872555,0.9756763289738585,0.8794369110855133,0.7909644318953977,0.6542110528107854,0.7005003091076915,0.908258954896298,0.450850549775641,0.2910310233207942,0.3585638153947367,0.6071070506137927,0.6796158541681703,0.514710704694215,0.5776640570953263,0.8252670460217355,0.7158830803230625,0.5574905753154992,0.6549051699239118,0.7893820713663597,0.6593284790405678,0.5043608390353235,0.5729083378804165,0.7825037807245465,0.6154498280889579,0.05890477442316637,0.05572587005318396,0.0013176679945804937,0.9429564619522356,0.9642678247140252,1.0809561095454476,4.899298429489136
15,1.1691346303983168,0.42973271080038766,0.7394019223072312,0.650522618131204,0.047030887164344844,1.1691346303983168,0.0,0.0,0.0,0.6498412170323079,0.9356957172526555,0.879161845367469,0.9594976726348853,0.9130460720389139,0.8131689210301412,0.685159780055602,0.7831084133910526,0.8456293666084125,0.4293066003135349,0.273322979773921,0.3787406610361997,0.4954551792365434,0.6409910035881002,0.4716606036313709,0.5050265457562139,0.8771355362550038,0.7201359715229242,0.5626659984965917,0.7236952356397858,0.716611546272079,0.6509006241136751,0.4982023404893714,0.5976427139558129,0.7337079070930097,0.5968111918081864,0.05997849647342164,0.05708799243075864,0.001163770858420781,0.9417482367108205,0.9648431471329354,1.0840160061012616,5.341147422790527
16,1.1948962062597275,0.448605910112912,0.7462902956388213,0.6580638736486435,0.05348417595748536,1.1948962062597275,0.0,0.0,0.0,0.6614778138915919,0.9359160857317058,0.8795510139585924,0.9555142831562307,0.9171056729985666,0.8025692186133515,0.6702426821565091,0.7703944735798499,0.8375485871971012,0.4607894957971679,0.2993674319003001,0.38934441248143037,0.5643478895963399,0.6715927527659968,0.5055623974984936,0.5668950702386657,0.8237230042261214,0.7026766216228698,0.5416356733676332,0.7637667636100582,0.6506353350739396,0.6594070221998465,0.504202046230734,0.6226001799775011,0.7190637040233755,0.6116862900620115,0.05833774335797849,0.057317793149378134,0.00043262669516467564,0.9422495801554572,0.9664393319443105,1.0871865966103293,4.745863199234009
17,1.172377105463635,0.43167348934168165,0.7407036186619238,0.6522395353425633,0.047223615290766414,1.172377105463635,0.0,0.0,0.0,0.6047546311079479,0.9259241336527315,0.862065858347257,0.9711772793413636,0.8847004761499844,0.8108598817990036,0.6818875836312056,0.7380935650583131,0.8995429879554111,0.3660416177164481,0.22402138370555294,0.260481767906112,0.6154530545577271,0.6102922990727718,0.43915155587435983,0.4915400657768933,0.8047020065887722,0.6534521265429644,0.48527953548753944,0.8029753296289039,0.5508732230925122,0.6101614812827969,0.45758501467466445,0.5732726820925556,0.7176428180486057,0.5432620144440614,0.0691727420548876,0.0678585191143641,0.0005320158511966044,0.9316094650344393,0.9574897805667197,1.1288705996491692,4.8967273235321045
18,1.1880507503043523,0.4459339417517185,0.7421168075366453,0.6535307135094296,0.04880783334374428,1.1880507503043523,0.0,0.0,0.0,0.6754674771577136,0.9377778737583877,0.8828453584152527,0.9635938892275238,0.913309058578108,0.8055844754785116,0.6744591467037807,0.7603765855243662,0.8565078094300349,0.44053560622907456,0.2824916092914566,0.3607846127128793,0.5655496610472963,0.7031136710147288,0.5421552030430217,0.5931087306940291,0.8632158663604916,0.7422541590666815,0.5901463832437617,0.785383987668822,0.7036147374528167,0.6728719779472491,0.5223130855705052,0.6249134791500242,0.7472220185726598,0.6286344787701617,0.06198480123948425,0.06086196336947931,0.0004959800625333018,0.9386420565679874,0.9642519651144189,1.0708076723597266,5.403205156326294
19,1.1510519256645984,0.4217653437094255,0.7292865846644748,0.6380544203248891,0.04461285523244773,1.1510519256645984,0.0,0.0,0.0,0.6618991469564813,0.9138445370744976,0.8413570324574953,0.9755971794903949,0.8594440699129181,0.7651803721296642,0.6196697516457141,0.6553525569348368,0.9192303758616949,0.4671473404594063,0.3047568450573805,0.4007651727579297,0.5598860640988665,0.6649948034999249,0.4981215093718832,0.5319396955234619,0.8868157465641447,0.7143163255016413,0.5555925922294607,0.7817013117783644,0.6576269219610874,0.6529097103976592,0.4945351745761096,0.5924396842486482,0.7558897771214484,0.6154861564869908,0.054578215557178025,0.05355573718590692,0.0004486467103010254,0.945995616103792,0.9673453994498915,1.0964755849404768,5.1290178298950195
20,1.1465448059818961,0.41600310717794026,0.7305416972799734,0.6409707096489993,0.048017809765455735,1.1465448059818961,0.0,0.0,0.0,0.6870946906747368,0.9369617684306977,0.8813998787677796,0.9609009132456886,0.914186432195145,0.8055129696504686,0.6743589082041009,0.7598836752679303,0.8569722107902562,0.4790070663085583,0.31493050079201274,0.3943855491006662,0.6098624934433334,0.7041602109723359,0.5434006710819583,0.6548665981747386,0.7614788193404292,0.7430134528680048,0.591106925180148,0.6747656734726422,0.8266202494922641,0.6829234249498419,0.5309492513145551,0.6209753740039943,0.7637334432665708,0.6420602433829664,0.053436486328633945,0.05183108547261983,0.0006884568169847302,0.9474804577103955,0.969815171600043,1.0469028462063183,4.950108289718628
21,1.1474715335802599,0.41642325913364237,0.7310482785105705,0.642592522569678,0.041964763770176265,1.1474715335802599,0.0,0.0,0.0,0.63833789140909,0.9421864279572636,0.8906923231641036,0.9596057060175173,0.9253882829347213,0.8060035007286921,0.6750467871728212,0.7964026288811931,0.8158386799843953,0.3946012846840402,0.2457964373083346,0.3022028453418893,0.5683847793321491,0.670738432996783,0.5045947687398682,0.6386520735593528,0.7062194269741204,0.6894493111911133,0.5260760358820836,0.561389113770775,0.8931998839570122,0.6401981324001571,0.48787850727577686,0.5746616653883025,0.7459106925619192,0.5849296762906455,0.08818703767278918,0.08656914819152607,0.0007047037250656137,0.9127261480834084,0.9532064591465556,1.0667406550862573,4.918499708175659
22,1.1562431982972405,0.4253271271220662,0.7309160726991567,0.641018417748538,0.0446764436730353,1.1562431982972405,0.0,0.0,0.0,0.47576040017082566,0.9371883543539786,0.8818009834511331,0.9599623385303502,0.9154699012356975,0.8173599956059651,0.6911316990539034,0.8049300790048136,0.8301798246236425,0.43489109287424293,0.2778663458461164,0.33414698462019704,0.6226039266719813,0.5752561590231867,0.40376111303544043,0.4162272662349967,0.9309440617616408,0.15754755223769762,0.08550969791868575,0.8502187624292004,0.08681752248331379,0.49626369993527314,0.3645672139635365,0.601380773072302,0.6176363338851446,0.3892316013783758,0.10556745697023005,0.1038104473996602,0.0007387084970374353,0.8954508441033023,0.9334232936321829,1.1443445574153552,5.143968343734741
23,1.1599388860843398,0.4274116615680131,0.7325272207910364,0.6428753174841404,0.04142335855497301,1.1599388860843398,0.0,0.0,0.0,0.6906573700510588,0.9408451354060553,0.8882979881952896,0.9679015310960949,0.9152602563058682,0.8208828215974495,0.6961842611008083,0.7585843055931404,0.894329360882916,0.476720747565251,0.31295689664470877,0.4057085320318101,0.5778661585142799,0.6942184262394392,0.5316497339138719,0.6606587830728984,0.7313700043259548,0.763949696486783,0.6180571246294866,0.723304972702207,0.8094342906875074,0.6889429229722307,0.539712004072219,0.6370641483500139,0.7532499536026646,0.6449629567638243,0.05214168077327131,0.05135304546267787,0.00033405440707845024,0.9483129001302437,0.9699671910109501,1.048782009970058,4.7310967445373535
24,1.1285442581230944,0.4019868008115075,0.7265574559569359,0.6375351497395472,0.038305020454572514,1.1285442581230944,0.0,0.0,0.0,0.6728325399097188,0.9467826512101009,0.8989432734828314,0.9492859434536587,0.9442925267390313,0.8282465607707632,0.7068437207366529,0.8610311774028344,0.7978669835100776,0.48329058642226097,0.31864415299054244,0.4096193698163352,0.5892730278664513,0.6743491802496174,0.5086929153610722,0.6274880593208747,0.728774416824707,0.7113565149324048,0.5520196417204492,0.5966996803478587,0.880557006092203,0.6743107105937616,0.5215501077021791,0.6237095717219757,0.7491178585733598,0.6229987605347611,0.06017903008027926,0.05721952382089423,0.0012020037600912225,0.9415784724190146,0.9674007041073374,1.0238579091700641,5.1348230838775635
25,1.1055849208073183,0.3866400529037822,0.7189448645169084,0.6290238702839072,0.03633813546250828,1.1055849208073183,0.0,0.0,0.0,0.6742172661219084,0.9403282197080979,0.8873768625310291,0.9422249009425759,0.9384391591016676,0.80430959633025,0.6726737906917253,0.8344093238249183,0.7763058413274109,0.4754874323913933,0.31189472785865996,0.44567748529349394,0.5095710140693236,0.6856421074339234,0.5216555637637746,0.6018237082066717,0.7965858041329474,0.7175158872856958,0.5594735093966307,0.62592899858271,0.8404989846242622,0.6707387558603156,0.5164243979276977,0.6269598789769485,0.7307404110384861,0.6262151423703375,0.05180397708172691,0.0498343075809556,0.0008652079304235578,0.9493004844886208,0.9726655394161126,1.0735074918378482,4.7643444538116455
26,1.1085252944718709,0.3868056767704812,0.7217196178707209,0.6323713480748914,0.03648173511663282,1.1085252944718709,0.0,0.0,0.0,0.4776651993752685,0.933518203567704,0.8753250235405843,0.9698854349487213,0.8997796867482968,0.8221100969806641,0.6979515614093592,0.7734152970104795,0.8773486156777746,0.45414347757640927,0.2937811310356307,0.3486289075689865,0.6512472528566537,0.5586314616899624,0.38757017850892,0.4008648028706995,0.9211740041928415,0.15933901325021105,0.0865661924695701,0.846295572552707,0.08794894110820493,0.4985560123743117,0.36646726585587003,0.5923011450007182,0.6344297034588687,0.3907046508388609,0.09831074140624257,0.09717773487151062,0.0005013998273002079,0.9023208653011892,0.9367560515965846,1.173164664344354,4.924030065536499
27,1.1158685718070378,0.39604488760232925,0.7198236855593595,0.6288325901735913,0.036572057788196784,1.1158685718070378,0.0,0.0,0.0,0.6445602826452086,0.9421746617876998,0.8906712930321304,0.949194676769092,0.9352577211697614,0.8079101976172621,0.6777259531978369,0.8117966342196521,0.804060795961417,0.4450099298291951,0.28618184666627094,0.3701082192927043,0.55792073620117,0.6360647239078526,0.4663452401717046,0.6817776999664813,0.5960966357192574,0.6923877027056529,0.5295053466064142,0.5567617165443056,0.9153698868580843,0.6453431385149907,0.48993959666055664,0.6051110675057858,0.7183620136849822,0.5911541188142335,0.07257496062871699,0.07080713266851606,0.0007381693849083271,0.9284546979465756,0.9626486980217133,1.0641166391697796,4.546392440795898
28,1.1254941096360034,0.4015065597539598,0.7239875468340787,0.6338626786389134,0.0393279898932881,1.1254941096360034,0.0,0.0,0.0,0.45774005212386665,0.9275247362145892,0.8648448757137728,0.9724533901916432,0.8865642748349164,0.8267280796626801,0.7046346761840112,0.7659820849366663,0.8979388702959744,0.3716908239692787,0.2282679662073378,0.2662943663469559,0.615167550842859,0.5599482474283106,0.38883897500790343,0.4023938294723826,0.9202755315962556,0.16608873848270825,0.09056530813017323,0.8197868945278118,0.09240498984623774,0.48111397238574444,0.3530767313823564,0.5636142938209542,0.6314467356453316,0.3659092699600992,0.09308709757923633,0.09073138401240452,0.0009978439370445982,0.9082707720505508,0.938602984320838,1.216412066058679,4.802871942520142
29,1.0867166187275539,0.37587139662355185,0.710845216431401,0.6200300411067226,0.03327697811553001,1.0867166187275539,0.0,0.0,0.0,0.684040084380565,0.940286087242502,0.8873018235608223,0.9693102511452937,0.9129495383864481,0.824056627979477,0.700762168984014,0.7687145924828536,0.8879853153255831,0.4852581982993364,0.3203570389055857,0.4353521928991606,0.548087457091411,0.692797929556382,0.5299853367897979,0.5822525829254898,0.8551562344014889,0.7324208000352043,0.5778106804336531,0.6966037459300074,0.7721206846532769,0.6836333889676,0.5322288062782627,0.6207307785593779,0.76583742286794,0.6368256426303076,0.052735612997003294,0.050096488579004485,0.0011146380558256536,0.9487888733651698,0.9685468211210038,1.0134370990774848,4.491456985473633
30,1.099360046738928,0.3860295582562685,0.7133304869586771,0.623492091555487,0.034527359797555786,1.099360046738928,0.0,0.0,0.0,0.6746515363442522,0.9372353474836239,0.881884192576853,0.9714470576903425,0.9053513475353573,0.820673450535914,0.6958831300023285,0.771553731347781,0.876472663691688,0.4350470466172854,0.2779936902747856,0.3184658425664502,0.6862712550875641,0.698913300423141,0.5371765775873679,0.5977941367739109,0.8412066154204239,0.7444306533415881,0.5929028574350156,0.6906125609235221,0.8073455178415545,0.6747661127294822,0.5259890638248744,0.5946065679029161,0.8028240130103075,0.6261303334606715,0.06036119307330032,0.05878447502446525,0.0007128756531779734,0.9405026493223567,0.9654350244900467,1.0175249766219745,5.307876825332642
31,1.098939558999105,0.3859369696371935,0.7130025902932341,0.6220737319778312,0.03535943435748446,1.098939558999105,0.0,0.0,0.0,0.6057421675992766,0.9410237804468946,0.8886165364922102,0.9481341649719264,0.9340192485396456,0.8157844320891972,0.6888816987336239,0.8388885527886708,0.7939188379102193,0.44161124167514537,0.28337681423590527,0.33165887772584046,0.6606223980983685,0.6374543956765554,0.4678407780656087,0.5167517434011153,0.8317293933645857,0.5541772600957624,0.38329543781588865,0.8641711229945462,0.40786771105306596,0.6122568323841651,0.4558486822127566,0.6378675742275431,0.67353458510656,0.5444142991491544,0.07814011052918048,0.07720013821793717,0.0003974894925007735,0.922402372289562,0.9541653839453442,1.0876813666387037,4.894027948379517
32,1.1000700518488884,0.38676925020461733,0.7133008031682535,0.6233851438896223,0.03570243622049351,1.1000700518488884,0.0,0.0,0.0,0.6375601652261813,0.9425923958691693,0.8914182120375074,0.9586161202630227,0.9270955527532718,0.8195175039093786,0.6942224951436021,0.79425291789843,0.8464421913284627,0.4818871468824333,0.3174251149332141,0.528472612888104,0.44284945986677976,0.6558887723176572,0.4879720954705581,0.5059871152366029,0.9319989351435581,0.6079974834117106,0.43677901165141153,0.8225681935151014,0.4822106179286056,0.6413227266302949,0.48409967929969644,0.6628202098845596,0.6758753010668515,0.581924467537267,0.06709465403609419,0.0650778396081074,0.0008732464786843951,0.9340489139132082,0.9600866671473256,1.0769990980625153,4.781737804412842
33,1.0856345790353688,0.37272206964817917,0.7129125009206209,0.6218299432234331,0.031279481680195946,1.0856345790353688,0.0,0.0,0.0,0.689450731026117,0.9448222192217832,0.8954151958402272,0.9462235055647169,0.9434250771423413,0.8176101634053661,0.6914895054918105,0.8347740689013705,0.801137856736336,0.4807905026948786,0.31647412917556,0.512092991842914,0.4530943954956508,0.7044281952620021,0.543719917866272,0.6162119288548634,0.8221223919336853,0.7447757968665385,0.5933408509868817,0.6967803891836898,0.7998723527704786,0.6869011645571963,0.5362561008801311,0.6649648446957094,0.7190567492340377,0.643331498274473,0.04749543238561799,0.045165994681307366,0.0010317059058660763,0.9538022994128266,0.9738148269427424,1.0386190306056629,5.094455718994141
34,1.101427088406953,0.39145533977584407,0.7099717496470972,0.6194292581216856,0.033009297473737126,1.101427088406953,0.0,0.0,0.0,0.6812208389443675,0.9462130280368203,0.8979168021730697,0.9636186999267357,0.929424990983801,0.8359599541893955,0.7181539477082653,0.807294221032688,0.8667363839625383,0.49913535753505744,0.33256520502428744,0.4672852806931913,0.5356448068201833,0.682589452883551,0.518129640283816,0.6227126429212146,0.755206149545747,0.7149879764209999,0.5564056703762381,0.6033906828059096,0.8772323759790613,0.6831681852572509,0.5313136158481517,0.6251707068632508,0.7587049290768826,0.6322375956132028,0.05489720490210769,0.052226777875739185,0.0011830361027641105,0.9465901860214967,0.9692782599927046,1.0044452358375897,4.668066501617432
35,1.0809902941638774,0.3703756755725904,0.7106146162206476,0.6204403476281599,0.035001709267486476,1.0809902941638774,0.0,0.0,0.0,0.6856294470851346,0.9436262207824145,0.8932692569114329,0.9616125411332658,0.9263003906229726,0.8277769137125216,0.7061598798008283,0.8123023598813074,0.8438525053450158,0.4737809337764789,0.3104278699314137,0.36366058960846626,0.6795585979775262,0.7054657340986052,0.5449571731555393,0.595878894646403,0.8644437789091589,0.7367633244529086,0.583234589934484,0.7851642761019604,0.6939831737742562,0.6859467265101287,0.5361948782055663,0.6392515300595343,0.7704595140014893,0.6386699974426643,0.05772261235895011,0.056162587973148256,0.0006677879119272393,0.9431696241149246,0.9664343066649749,1.003598309376023,4.874852418899536
36,1.0888210264119236,0.3806293393400582,0.7081916907971556,0.6152965917506001,0.034061875644097614,1.0888210264119236,0.0,0.0,0.0,0.6652082289048212,0.9400933562303299,0.8869586408919833,0.9640148462565313,0.9173303167318748,0.8063785960786103,0.6755731703783333,0.7918401194754703,0.8214609215308468,0.4084905193072645,0.256668605662004,0.2749872367434545,0.7939393536992122,0.698573001230364,0.5367746342213526,0.626267290834324,0.7897540847226119,0.7464813537869813,0.5955087752720407,0.7687379727145379,0.7254772265737902,0.664980867600805,0.5161312963834326,0.6154581549419467,0.7826578966316152,0.6178482914415366,0.0863018608136601,0.08544247692124768,0.0003401992365827579,0.9142173238421696,0.950049937596578,1.0443504466251894,4.454291105270386
37,1.0939853232015262,0.3767515014518391,0.7172338210723617,0.6282108138230714,0.03504026386508485,1.0939853232015262,0.0,0.0,0.0,0.6705511999215097,0.9364730599090233,0.8805353438709462,0.9775744420107657,0.898688382829008,0.8199518435166145,0.694846086586941,0.7474392639613406,0.908045594524268,0.4558158608429398,0.29518232268061034,0.33435462963536206,0.715870686735981,0.7059602146046048,0.5455475346060538,0.5957980615594375,0.8661009616984171,0.702970233758908,0.5419846576044114,0.7822744662996698,0.6382651581084631,0.6711745381807668,0.5193901503695042,0.6149666053639524,0.7820706002667823,0.6215821030688176,0.06133197109839853,0.05999066885171726,0.000583297405594583,0.9394260337426882,0.9624957662598914,1.020023299889131,5.051027059555054
38,1.0710915178060532,0.36867530322210357,0.7024162140759554,0.612264347686009,0.030113683527981102,1.0710915178060532,0.0,0.0,0.0,0.6900055176363546,0.9322571193888752,0.8731101244667595,0.981907164908444,0.8873865024752527,0.8114597285797325,0.6827364188594671,0.7220425941673821,0.9261538220623388,0.4882678902875729,0.32298572422362243,0.36902655167844617,0.7213550139099586,0.6939545158570094,0.5313402360656474,0.6028718467235717,0.8174569897840066,0.753564099721773,0.6045750925126305,0.7055523772396222,0.8085871772555376,0.6868115586115219,0.5354093679153419,0.5998733424522555,0.8183882507529604,0.6452621686221184,0.05439358913864955,0.05337454450290844,0.00044251121147357024,0.946182944285618,0.9680474887962706,0.9904461164366115,5.177253246307373
39,1.0926870263435624,0.3801073877310211,0.7125796438618139,0.62178835272789,0.03309011309598149,1.0926870263435624,0.0,0.0,0.0,0.6882630621216893,0.9354588216685394,0.8787436697702554,0.9725981607701639,0.901051540174125,0.8159135843673999,0.6890659107270451,0.7444166591328801,0.9026034369615481,0.5005193104460284,0.33379510248638844,0.43529122996487885,0.5887418581643712,0.6918920829181937,0.5289258431075793,0.5848236340282447,0.8469501846860056,0.7344692131067778,0.580364555895034,0.6795899936337144,0.798990426457743,0.6856985477095999,0.5330378530540117,0.6110303791899295,0.7843214765674169,0.6422935354903333,0.0485676047789917,0.04708143893942881,0.0006273921372858492,0.9522911689232854,0.9717737651460934,1.0028031739321621,4.583980560302734
40,1.0773607736284083,0.37254062633622775,0.7048201445828784,0.6146179141307418,0.029083935545217668,1.0773607736284083,0.0,0.0,0.0,0.5484198506180524,0.9427290866322074,0.891662746711978,0.9579671676160596,0.9279681899060523,0.8323888158579261,0.712898974558505,0.8309332152576955,0.8338495251508284,0.46248176797106694,0.3007975829728983,0.3541418176428532,0.6663258327744542,0.6119202061694003,0.44083935872355096,0.468082930424624,0.8833716016105659,0.34874831463796113,0.21120239738710556,0.8655902849649566,0.2183637946039908,0.5638847761590886,0.416434578410515,0.6296870620725323,0.6504776885349599,0.4743834295928095,0.08682417766845497,0.08555136295254852,0.0005299419362308986,0.9139186951112206,0.9462436001464015,1.1114904433488846,5.057198762893677
41,1.0692268345843663,0.36307625675743277,0.7061505778269335,0.6158908727494153,0.02978282394840128,1.0692268345843663,0.0,0.0,0.0,0.6514986161481724,0.9477012563798761,0.9006009577846585,0.9660299010618867,0.9300551662758322,0.8403660060351299,0.7246821069481238,0.7990604843015418,0.8861746883152366,0.4762536771465206,0.3125544390188604,0.41973314428941844,0.5503648471890797,0.6306716206717005,0.46057003578722694,0.6986832257933737,0.5747262986256505,0.6820141437533788,0.5174669671309131,0.5463425882254104,0.9073281114011658,0.6573263619016825,0.503818387221281,0.6159548606524361,0.7296484863827831,0.5963131471905333,0.06551914761497278,0.06426165588395905,0.0005624845916244067,0.9351758595244165,0.9651281926334769,1.0117927288467234,4.745784282684326
42,1.0837854973294518,0.37196870715442026,0.7118167931383307,0.6219612712209875,0.02897869388900951,1.0837854973294518,0.0,0.0,0.0,0.6904859799192227,0.9459370437832482,0.8974198725078153,0.9478020267315892,0.944079385847489,0.8198755625058851,0.6947365349427176,0.8494926805054628,0.7922540397780035,0.4982911749416428,0.33181610617642804,0.42695021346560963,0.598256435452882,0.6912743228875062,0.5282041416140768,0.6351251543351635,0.7583141991946771,0.744630502809259,0.5931564407734847,0.6560572360944388,0.8608529155787141,0.6885178907860733,0.5369783058766768,0.6419063211001687,0.7524193975010692,0.6447320002128026,0.05538729628123582,0.05413838482883113,0.000534470636074456,0.9453271445350944,0.9709141255571904,1.0190736448222941,5.017361402511597
43,1.0770407955754886,0.3736561425876888,0.70338465239514,0.6128643024712801,0.03257196388255001,1.0770407955754886,0.0,0.0,0.0,0.6831788416971855,0.943257077771874,0.8926078972765025,0.948342384434036,0.9382260182101253,0.819666969081151,0.6944370339641077,0.8417743650787877,0.798691063479111,0.4920751462601539,0.3263260400806743,0.4384231593921262,0.5606894582732628,0.6826319580203637,0.5181786230327543,0.5563405379342036,0.8830987321553065,0.7328499995389766,0.578345104582998,0.7791137627508001,0.6917725558456227,0.6818060182251613,0.5293217004151336,0.6539129562889794,0.7335629524383257,0.6358523679398315,0.051697525636004646,0.050224931915126204,0.0006427916763220933,0.9491322764085517,0.971256154657382,1.0221761180595919,4.363448143005371
44,1.0515572889284655,0.3503866061906923,0.7011706883257086,0.6103118732571602,0.03008747044606769,1.0515572889284655,0.0,0.0,0.0,0.5715247790841678,0.9460004765062328,0.897534064693367,0.9634964067679893,0.9291286236488944,0.8389880287242631,0.7226351230490509,0.8102280776443032,0.8698648538212261,0.5037866662914412,0.336707777521766,0.5356982554833675,0.47546327957450146,0.6200053450822426,0.44928097574348397,0.46303904641905347,0.9379687863964281,0.37969857953895986,0.2343382377773393,0.8868463095109412,0.24156077748765642,0.5856196549092267,0.43574052852291,0.6739529222644164,0.631214424319953,0.5011635303042145,0.07822221429520851,0.07662973386042313,0.0007198011565229909,0.9226504649830539,0.9514076442887109,1.0582013739780947,4.0073347091674805
45,1.078205755488439,0.3741459214890545,0.7040598324754022,0.6121809536760504,0.03103211710483513,1.078205755488439,0.0,0.0,0.0,0.6167313237431039,0.9378890233052258,0.8830423975316407,0.9745364806120725,0.9038979296463634,0.8304679833053713,0.7100857192883597,0.7616829412888686,0.9129098195196312,0.4993789661479952,0.33278153170099123,0.43436114262140796,0.5872877811049267,0.5498091947393978,0.3791288654878735,0.5573344546893345,0.5424844431133559,0.617076420007255,0.4462115108417577,0.4544853233796584,0.9608006962575595,0.6241831410500048,0.4670519068297455,0.5519659654948175,0.7508706849988683,0.5554215269648827,0.07219065941712302,0.07042710294140386,0.0007592977350465955,0.9288135993235496,0.9622346524917276,1.0414834063161502,4.932724237442017
46,1.0721349729733034,0.36235028657723556,0.7097846879200502,0.6193871565840461,0.028948634467352265,1.0721349729733034,0.0,0.0,0.0,0.7021417984477464,0.9445431880341982,0.894914104798826,0.9623115401483656,0.9274190983711741,0.8267224576167718,0.7046265080106162,0.7875650216229256,0.8699774063110586,0.5191536585110322,0.35057901955514936,0.5471678681770967,0.4938683097515789,0.7140868342214091,0.5553149724453174,0.6258712874759942,0.83125020797974,0.7403690092984931,0.5877665878053467,0.6955419794386067,0.7913722077168093,0.7000829899119265,0.5495717719541074,0.6640365391786558,0.7466170329397968,0.6578698340103115,0.04610082724845003,0.04487901736633229,0.0005462961462453121,0.9545746864874224,0.9739500106798151,1.013982507315549,4.172313690185547
47,1.0543590912764722,0.3526469733227383,0.7017121155830947,0.6121415702456777,0.02873402848358224,1.0543590912764722,0.0,0.0,0.0,0.7018808842054435,0.946034939443657,0.897596110960534,0.9479422171994415,0.944135321234899,0.8199872998743966,0.6948970123686932,0.8543172373414522,0.7883098090473567,0.49803676988989376,0.3315905209299854,0.4209259794012705,0.6097363406390894,0.7134318026093551,0.554523113548355,0.6198882955870467,0.8402249509167469,0.7636693465264683,0.6176902144914889,0.7255307481394059,0.8060400348128339,0.6987813047250284,0.5496752153346306,0.6551655651172938,0.7610777838540067,0.6583793063419058,0.0518385284523378,0.050738492207321496,0.0004784342152953969,0.9487830735773831,0.9721890898279154,1.0042975775220178,4.949238538742065
48,1.0648126818917014,0.3617783800106157,0.7030343067916957,0.6114815449850126,0.02933717025073499,1.0648126818917014,0.0,0.0,0.0,0.6552338242241389,0.9425918659872001,0.8914172642214517,0.950375568706535,0.9349346266436931,0.8124984024930919,0.6842082606026686,0.8161373669426809,0.808891744568482,0.4738050967953505,0.31044861688403724,0.3840140514063617,0.618401046404272,0.6701087186949836,0.5038823309206214,0.5688609822985496,0.8152008252636912,0.667890694114815,0.5013782961834371,0.8455405237239475,0.5519292138090773,0.6560757280245602,0.49997937614769106,0.6536382310928849,0.6986057075113806,0.6039348365350498,0.06715760854725875,0.0655215832248991,0.0006673909044153884,0.9338110258706855,0.9605020389574109,1.0617102520032362,4.612735033035278
49,1.0598959360610356,0.3596749646081166,0.7002209733155641,0.6101245832714167,0.030272713585873134,1.0598959360610356,0.0,0.0,0.0,0.6758570841856927,0.941280232011359,0.8890740122852399,0.967422417009155,0.9165137277394628,0.8357472997848159,0.7178401215048488,0.8026250219652935,0.8717209911861571,0.4928909497614198,0.32704398509410687,0.38596306584322015,0.6817695918624348,0.6724430667041125,0.5065267257763909,0.5366824858936302,0.9001464177564507,0.7121635841383073,0.5529922708869806,0.7819389220808417,0.6538207136640177,0.6783112250971639,0.5261007758155818,0.6268023739457463,0.7768644286172651,0.6258325335346132,0.053352587196014184,0.052147549436214476,0.0005252193009945322,0.947327231262791,0.9686419653577556,0.9890759682113474,5.337374210357666
50,1.0539965053850955,0.3495913561094891,0.704405146904967,0.6143872639672323,0.027872088019979525,1.0539965053850955,0.0,0.0,0.0,0.6778140246023744,0.9411184650896334,0.8887854156124259,0.949672714128619,0.9327169464150256,0.8142003630544625,0.6866255796398577,0.8428618122617924,0.7874240698882413,0.4345948991673659,0.27762455797301683,0.3046368573449073,0.7579260478981775,0.6922801336055399,0.5293795341002495,0.6532648331044878,0.7362517054340708,0.7646988263329833,0.6190383710742856,0.7072914560722336,0.8322483318827483,0.6764435555400878,0.5281670106968525,0.6270137396958553,0.7784625387758095,0.630524619701963,0.06364006337443279,0.06279560937765714,0.0003472940454327019,0.9368570965769102,0.9656618611917025,1.0174898274920203,4.55078387260437
51,1.0517629269849171,0.3514588424427943,0.7003040862354365,0.609975653277202,0.02752989288340111,1.0517629269849171,0.0,0.0,0.0,0.6916485269814272,0.9445975068933,0.8950116311671462,0.9687899474766432,0.921583887180127,0.8360213199801299,0.7182445300165278,0.7954926704411842,0.8809013594872652,0.5246609647912592,0.3556206080570672,0.4368894720797188,0.6565655894987313,0.6978528819311666,0.535924760150087,0.5713355463405718,0.8963395560879539,0.712217133403903,0.5530568482297445,0.7997224490975403,0.6419727299100294,0.6926880750266147,0.5407116866133566,0.6508600344897537,0.7689448087459949,0.6449103267087762,0.052485006423441234,0.05138836192263914,0.00048716643036390627,0.948124471646997,0.9689590844817703,0.9888901344754479,4.8617165088653564
52,1.0518473447723822,0.3503719525919719,0.7014753872698004,0.6114727356894449,0.02862227823987434,1.0518473447723822,0.0,0.0,0.0,0.6811538256593053,0.9410265347977392,0.8886214487140206,0.95430271328908,0.9281146819791284,0.8175230508354804,0.6913648941851275,0.8196896075548106,0.8153679169617052,0.4641206443747643,0.3021856128705025,0.34803658059077297,0.6963966775334672,0.7015095545578904,0.540250070395428,0.604097015086788,0.8363781571328462,0.7364103057624592,0.5827922696115487,0.7644274894950291,0.710374238468192,0.6798908888826486,0.5291482117656516,0.6340626731818502,0.7646292475240527,0.634013501565038,0.056941299248922175,0.05591352243664059,0.00040829489802966915,0.9436781826653298,0.9677845805548788,1.0075108151544223,4.730872631072998
53,1.0476532619107852,0.34859363531524484,0.6990596276115287,0.6089921939102086,0.02785886987641623,1.0476532619107852,0.0,0.0,0.0,0.7037464681886569,0.9457456667193246,0.8970754369833239,0.9664106546931536,0.9259459452144447,0.831126996968073,0.7110498700989943,0.7841540822739724,0.8840861055908693,0.4949691414622559,0.3288764071875293,0.4522457096398266,0.5466068215468626,0.7220022252986456,0.5649479518595913,0.6607870717074592,0.7957172806229145,0.7621189818566516,0.6156641637495384,0.7259436637468898,0.8020887728459064,0.7025543363964065,0.5551345982239133,0.655782631842037,0.7571247451516382,0.6596967828725177,0.04910849249910983,0.047861423321621244,0.0005416563094142385,0.9515969203689645,0.9716209754622446,0.9924442117864435,4.462172985076904
54,1.0597015057097783,0.3589912976392291,0.7007102045145902,0.608912182463841,0.027664073439981705,1.0597015057097783,0.0,0.0,0.0,0.7027539092544726,0.9475576090066155,0.9003415456424464,0.9635186321331793,0.9321167687299522,0.8309229833442768,0.7107512777226824,0.823039060133389,0.8389594081892172,0.48583439286163166,0.32085948232559136,0.37088323353292113,0.7040455212434215,0.721962964584326,0.5648998773728899,0.6429050366442995,0.8231905760207373,0.7696127110228196,0.6255044390637339,0.7127176718383461,0.8363794604002995,0.7020832629532636,0.5555037691212243,0.637386250537239,0.8006437414634189,0.6591366894895924,0.06082002165665326,0.05998230254658963,0.0003576873684957292,0.9396600100849146,0.9664691667473815,0.9661797366359017,4.5893940925598145
55,1.0624336519024589,0.3587581325661052,0.7036755220456556,0.6148915991864421,0.027171616208348,1.0624336519024589,0.0,0.0,0.0,0.686292815367811,0.9405616373642871,0.8877926933137673,0.9711746951628181,0.9118195533423978,0.8252508402175971,0.7024911091406588,0.788715552054719,0.8653353501434512,0.4481797035113323,0.28880902287812366,0.3190602682214341,0.752846737622036,0.7012484541139471,0.5399404191935198,0.5996077365690986,0.8443812185950269,0.770697193427003,0.626938447798328,0.7379831049330867,0.8064461850884359,0.6863440478174698,0.5395447497526575,0.6113416654445846,0.8172523728622375,0.6400417836840941,0.06356379680252693,0.062277835943368276,0.0005784969709255828,0.9371436670857062,0.9636453081211349,0.9820978384126317,5.215611934661865
56,1.0211496583440087,0.33410502479157667,0.6870446374470537,0.5945261232554913,0.024035335099721455,1.0211496583440087,0.0,0.0,0.0,0.701576765833288,0.9502409617376358,0.9051991238966064,0.9619043987747985,0.9388569829128659,0.8433992925183189,0.7292052365718246,0.8324509678215789,0.8546394380988179,0.5133844195932817,0.345337709599967,0.4334679170915078,0.6294294573437113,0.7148597175770985,0.5562503388574505,0.6339878368427123,0.8193803866759568,0.7403643159558178,0.5877606718625233,0.736050739181754,0.7447287496373226,0.7030019364111293,0.5546384892229413,0.6589893652343882,0.7620445079389522,0.6562028177087327,0.052703007982036996,0.05144597406864826,0.000501872287408097,0.9480521536439437,0.9695449428470957,0.9751137386668812,4.97143816947937
57,1.0534302199428731,0.3546523487364704,0.6987778767943382,0.6088523140007799,0.02548828076330458,1.0534302199428731,0.0,0.0,0.0,0.6228372477861777,0.9406511396078016,0.887952189101849,0.9564419366081024,0.9253732841312424,0.8181121524064215,0.6922079400953024,0.8010768699019,0.835887703934097,0.4990245417456783,0.332466822826043,0.45710055902951713,0.5494153813466115,0.6431325563919394,0.47398333523411756,0.4964714485070309,0.9127716215766226,0.550645398097431,0.3799245521935062,0.8073300894678109,0.4178067885117251,0.6277286621603676,0.4696456625872423,0.6404947417265647,0.678970373842264,0.5642674987450161,0.06856474813399074,0.06769829714254318,0.00036192970453018255,0.9319397731529266,0.9595814989105779,1.0488570034503937,4.899479389190674
58,1.0393612676046111,0.3443989625031298,0.6949623030695048,0.6036551347510382,0.02768671130615985,1.0393612676046111,0.0,0.0,0.0,0.6627980339291458,0.9474358889637695,0.9001217873855075,0.9410226955675484,0.9539370956948462,0.8149541560294559,0.6876984212685974,0.854243302872002,0.7791201429318712,0.482821263752134,0.31823624482518065,0.6245574102174355,0.3935170737860851,0.6754532138201544,0.5099504380424673,0.6820016689620317,0.6690293168280367,0.6771174463097513,0.5118500084689284,0.538530607209177,0.9117493472584327,0.6625865199778739,0.5069337781512935,0.6748332473151615,0.6883539702011063,0.6117973079606799,0.06069605594505083,0.05862240506998513,0.000918658692790331,0.9404589362372245,0.9694369315937579,1.0588052665645427,5.065341234207153
59,1.041951529004357,0.3476368434388529,0.69431468505751,0.6038134226744826,0.026618363629412754,1.041951529004357,0.0,0.0,0.0,0.687445791356896,0.9443536942879136,0.8945739583211063,0.960982358156907,0.9282907205673282,0.8316583739123281,0.7118280778005258,0.820336089730556,0.8432975726342771,0.4637536197261296,0.3018745076837578,0.3493517939195663,0.6895645072404611,0.6994208067741658,0.537776407939749,0.6240813310810824,0.7954477388439387,0.7578623952351771,0.6101275674514863,0.727016410567962,0.7914418334783411,0.6881737989119502,0.5404016402188798,0.6301964063247917,0.7799379130492545,0.6403456072451575,0.05659076762685039,0.05525843340129324,0.0005452796444365187,0.9441962869542703,0.9678628733621637,0.9817723672498356,5.264209985733032
60,1.058201170780442,0.35473927491429175,0.7034619003534317,0.6144384697756984,0.02756956038369522,1.058201170780442,0.0,0.0,0.0,0.6886434466664286,0.9450991950957587,0.8959128580639868,0.9727146191301433,0.9190084911271355,0.8442107254309712,0.7304192416439935,0.7933906566643504,0.9019868450607275,0.5077462573698024,0.34025463824594965,0.5118015690453841,0.5037547058315459,0.6740870453646701,0.5083946446168228,0.5341634489630587,0.9133339988685596,0.7389477360027721,0.5859770900061573,0.7412341642827519,0.7366753698868154,0.691247941042054,0.5412614036282308,0.6451474597388862,0.7639377299119121,0.6402603462457482,0.04932678415220654,0.04756249151585218,0.000775517753450972,0.9516619907306968,0.9711285660636346,0.9729785106398843,5.12300443649292
61,1.0452172627503222,0.3504761550575495,0.6947411095554178,0.6027468774806369,0.02616831600343258,1.0452172627503222,0.0,0.0,0.0,0.672926521831494,0.945108567275631,0.8959297022962714,0.9648942236189983,0.9261180367490974,0.8362447272771456,0.7185743831867437,0.8151763865047116,0.8584309889302137,0.5161991424512198,0.3478897722865412,0.4209933036649477,0.6670495514935385,0.6734656453743154,0.5076880542338844,0.5364903705692273,0.9043659112841201,0.6784777562279319,0.513406232415225,0.8025962292859734,0.5876066144473114,0.6760968178326532,0.5218896105305986,0.6438140725062149,0.7543632665387959,0.6227141813511556,0.05993726817601395,0.05886597955557357,0.00044971319699211546,0.9406843072474343,0.9646896767100477,0.9828577217730609,4.368418455123901
62,1.0311806831847539,0.34145970320837066,0.689720979468389,0.5986372584646399,0.024026442522220103,1.0311806831847539,0.0,0.0,0.0,0.6752772146705456,0.9458267436571716,0.8972213419058496,0.9687333657613532,0.9239783954077038,0.8393810660597071,0.72321848413244,0.7880143166480389,0.8979114662114934,0.4892781636967531,0.32387045181925894,0.46066980932946006,0.5216750436554752,0.6756616790580775,0.510188120643915,0.6636307913493386,0.6881368340487608,0.7088258174608988,0.5489776879421403,0.5840579873603576,0.9013809109369944,0.6782866815688591,0.5265636861344386,0.6240932261717987,0.752276063713181,0.6245885534052431,0.05375651712078744,0.05207328311379977,0.0007583710090829705,0.9471683458771173,0.9703807815674199,0.9987386573444713,5.1032187938690186
63,1.0294797467914494,0.336490891196511,0.6929888569495894,0.6020016958090392,0.026747061212848745,1.0294797467914494,0.0,0.0,0.0,0.680196297109696,0.9417776583836396,0.889961987520638,0.9734683624626743,0.9120852464325957,0.8157543992259273,0.6888388681306615,0.77218282649211,0.8645372061829445,0.41423561889128596,0.2612214171450024,0.27815567918636824,0.8109899011359852,0.7143701990366743,0.5556577783911005,0.705433096923623,0.7235366543542403,0.775948129895495,0.6339176866983974,0.7383124197730994,0.8176269219610781,0.6800770867623456,0.5349089375912904,0.6235210055938002,0.8041726709085619,0.6348513159411517,0.0817475846412737,0.08131350062598838,0.00017535032255875768,0.9185111490514528,0.9526238151630134,0.9961662617596713,4.413052320480347
64,1.0421483638611706,0.3416268862783909,0.7005214752121405,0.6112814952026714,0.02631187830014493,1.0421483638611706,0.0,0.0,0.0,0.7010548065757074,0.9475688449446479,0.9003618340192628,0.9547023681629799,0.9405411342749264,0.8306169578082457,0.7103035770481456,0.83284430209732,0.8284014952842913,0.4763911351148054,0.31267285593714494,0.37956267658635623,0.6395416005470623,0.7120020793037408,0.5527975378398517,0.6835403508019741,0.7429370070879258,0.7813915536565859,0.6412162626980374,0.7536777191402706,0.811221351900156,0.7001004314708446,0.554247558380795,0.6624062621564802,0.7555253637048588,0.6565949226917107,0.05281983613421514,0.052090721889145576,0.00031304361608964934,0.9475962344947648,0.9706772351942761,0.9900626811114225,5.034988880157471
65,1.0427340228449216,0.34439562024040654,0.6983384049751542,0.6076617867431857,0.025704444384742106,1.0427340228449216,0.0,0.0,0.0,0.6766871411510278,0.9364073677026765,0.8804191936531838,0.9810884023642604,0.8956188156719218,0.8315353678053702,0.711647870970272,0.7568444784515018,0.9225824826240931,0.46603973209645694,0.30381473487145233,0.3616567396682723,0.6551247916818389,0.6835320852379936,0.5192166687644368,0.5650834308178576,0.8648064956240769,0.7318957276364862,0.5771573707202854,0.6582834682895096,0.824044096315589,0.6782507281940767,0.5279591613316117,0.5854670293067853,0.8166394665613994,0.6271558483236456,0.05211834319526627,0.05002794490577296,0.0008934414002287305,0.9490786136939983,0.9691841369861748,0.9758345159617338,5.093447923660278
66,1.0447771644050425,0.35177191804078495,0.6930052434856241,0.601945203136314,0.028982753719901666,1.0447771644050425,0.0,0.0,0.0,0.6850364424366605,0.9476226258759879,0.9004589505402272,0.9553915059331227,0.9399790738498219,0.82857266652029,0.7073188774407588,0.8243196184215775,0.8328698291306356,0.5162975909475691,0.34797920917126735,0.47132682322362984,0.5707551241276818,0.6884222753140381,0.5248810362945672,0.7007973634949997,0.6764766563508476,0.7077244446440846,0.5476575345798945,0.5773766766839926,0.914087612416541,0.6852542443564954,0.5319591643716219,0.6434551204560499,0.7485473055064265,0.6374814369685639,0.057561672907384065,0.055919286428953066,0.0007270227234113171,0.9433536908476357,0.9697130694857355,1.006630772894079,4.934608459472656
67,1.0359387702562592,0.34497525373643095,0.6909635182131421,0.6001772335307165,0.026264767282224388,1.0359387702562592,0.0,0.0,0.0,0.7033961348251061,0.94497912937627,0.895697095373665,0.95766848239763,0.9326216532651032,0.8218788350780754,0.6976182582481166,0.8033590802694068,0.8412726065345977,0.5219915888253135,0.3531722721458985,0.4866557593501256,0.5628606144305155,0.7216843595187442,0.5645588121311313,0.6279341855710577,0.8483411533725717,0.7365548982805895,0.5829734091953968,0.7233431974177696,0.7502581955323034,0.7005274204256806,0.5495806879301358,0.6603230556520899,0.750683142467497,0.6600769488748823,0.04990505820344919,0.04868319856088224,0.0005309788347143707,0.9507858226044034,0.9719173937247259,0.9816292375326157,4.995695352554321
68,1.0206955644217404,0.3316893337125128,0.6890062290159139,0.597371718422933,0.02540451196876926,1.0206955644217404,0.0,0.0,0.0,0.6597241378246824,0.9458348705268099,0.8972359681442726,0.9756177731074444,0.9178164809559167,0.8393989052017553,0.7232449710446585,0.7888454600508459,0.8968754939463844,0.4822763015424909,0.31776291167663606,0.3901365344536,0.6313947852414079,0.686598470303098,0.5227635683213697,0.5522343625003685,0.907370802968257,0.6527041305013066,0.48445493323167915,0.754204605097955,0.5752828546561893,0.6652444518871626,0.5120565960685858,0.6213552405256924,0.7527309842030597,0.6071929674489652,0.06768483884127272,0.06568976260013436,0.0008353747516302594,0.9334748626482354,0.9583502178915452,0.9876969090916894,5.10119366645813
69,1.0544147423722527,0.35788671553812246,0.6965280286967754,0.6058701740747149,0.027289621062333357,1.0544147423722527,0.0,0.0,0.0,0.6811601271903646,0.943365298651466,0.8928017388104826,0.9747313030031823,0.9139550220843276,0.8303072889823349,0.7098507848783161,0.7768660194158167,0.8916442499624374,0.43836240522990877,0.28070687251509574,0.31473869471830684,0.7219193817184187,0.7110859103789012,0.5516937987604268,0.6391607537713617,0.8012512062826261,0.7518891028109125,0.6024217114875506,0.8014513216220126,0.7080997969248211,0.6829111768505144,0.5361682919103473,0.6330541973818745,0.7807286587220759,0.6337791394732408,0.06679240951683975,0.06619652842279554,0.0002478767665798623,0.9335555948106246,0.960192904512658,0.983537037264217,4.786661148071289
70,1.0299287655136802,0.34154783307828684,0.6883809305727482,0.5966747181320732,0.026386857691580768,1.0299287655136802,0.0,0.0,0.0,0.6822688215728183,0.9474359906348396,0.9001219709253339,0.9651460514105822,0.9303641641820894,0.8328006975517548,0.7135034229415007,0.8280876778340313,0.8375676721845076,0.4411430965556875,0.28299139939078227,0.32855197251447804,0.6711329185782797,0.7107347406772895,0.5512711488484997,0.6118334470071611,0.8477754484043509,0.7523672337880971,0.6030358084233836,0.7076691037373737,0.8030925442413227,0.6842614421432072,0.5377004449010415,0.619035550273261,0.7898921458521152,0.6347483570070247,0.06943074337800549,0.06846959334109176,0.00042633356929419,0.9311040730896141,0.9614137472564139,0.97577657753771,4.780005216598511
71,1.0272011330181903,0.33837899227033963,0.6888221461664547,0.5972817438569936,0.02623534246529082,1.0272011330181903,0.0,0.0,0.0,0.6969516240170089,0.9465871729118349,0.8985908929250307,0.9686935841076177,0.925467224005663,0.8398780428695944,0.723956682060442,0.7982222739447252,0.8861208588635776,0.5048422834665147,0.33765152524309516,0.40384929438895223,0.6731912011738402,0.7093570024682228,0.549615194770975,0.6214156652134804,0.8262919703171,0.7391393825413025,0.5862181531461107,0.8134612838256351,0.6772613867130445,0.6983041778364085,0.5493603888051557,0.6592371293431982,0.7657163542668906,0.6511128894920133,0.05278705807113498,0.051246927232877444,0.0006066425064453164,0.9481464302606772,0.9679263697087832,0.9631509442221035,4.98540186882019
72,1.0412413383072072,0.3519304653798992,0.6893108761446043,0.5988235795362429,0.027879650999569672,1.0412413383072072,0.0,0.0,0.0,0.6273270107832071,0.9382508521813038,0.8836841113636752,0.9796091721174646,0.9002432963806412,0.8285554873975541,0.7072938397712585,0.7631619833382413,0.9062060953534862,0.45214063864702764,0.2921070543849764,0.3206418336198738,0.7664845197229441,0.6510013652133534,0.48258118905829267,0.5219582245430704,0.8648064956240769,0.6062748369815573,0.43500315059859085,0.8207704196884219,0.4806614447345239,0.6344930820598731,0.47924630845327965,0.6066331152974018,0.7545396388587577,0.5698056136139794,0.07729332796971207,0.07566864656801549,0.0006301988405301028,0.9237011545914544,0.9509571799685741,1.0225956358692863,4.816457986831665
73,1.0226762978868051,0.33614647439257667,0.6865298260341991,0.595812373879281,0.02389427255481926,1.0226762978868051,0.0,0.0,0.0,0.658692510744895,0.9455047575514732,0.8966420325956345,0.9708789882119976,0.9214230729413231,0.8386074848575787,0.7220706814652932,0.7922562307940039,0.8907193621112063,0.5196809892317015,0.3510601332897714,0.424123484568609,0.6708208563783076,0.678706867229493,0.5136686556497652,0.5485816752358291,0.8897607400751758,0.6184571974560098,0.44765692117332523,0.8668417418233415,0.4807136640556727,0.6638631346936958,0.5086140978945388,0.6579507831054459,0.7330036556550906,0.6056150179724015,0.06262301864371159,0.06173239153404636,0.0003868880861179022,0.9378807203798357,0.9616455955334534,1.0062412402846597,4.758580923080444
74,1.036177390001037,0.3424428549002517,0.6937345300208438,0.6035855178805914,0.02409029848124853,1.036177390001037,0.0,0.0,0.0,0.6812766671279016,0.9435536357612738,0.8931391764892839,0.9557454523621192,0.9316689473117962,0.8307678952974872,0.710524362063133,0.8422542775875691,0.8195905927650241,0.4892056351367233,0.32380689689757697,0.38017362248332476,0.6859259947812121,0.6798954209558496,0.5150314844359849,0.586949425882077,0.8078167115902696,0.7295343556404575,0.5742259610713243,0.6551367379646732,0.8229939077458182,0.6823508267576294,0.5308971761170047,0.616128515979411,0.7840818017205811,0.6328784705776768,0.054960414563658445,0.05225513980317156,0.0010151346552700767,0.9467297255415583,0.9684433675400675,0.9769090603698384,5.383268117904663
75,1.0031780742786147,0.3208777219565077,0.6823003529147669,0.591955071145838,0.023918943947302814,1.0031780742786147,0.0,0.0,0.0,0.7002821607004512,0.9479628833877742,0.9010736108250709,0.9676194467246004,0.9290890403404651,0.8434178200784288,0.7292329371144398,0.8178260401909581,0.870662997781733,0.4929915698336639,0.32713258928435446,0.3752727297954353,0.7183207069868257,0.7135325185541764,0.5546448152364162,0.6599199785101112,0.7766264017836086,0.7575816573365384,0.6097637416656745,0.7010231933701856,0.8240673049027661,0.7018808914507018,0.5551935208252212,0.6385104854666726,0.7974193528637333,0.6547019152414596,0.05435114886890412,0.053296476969302856,0.000429897982866809,0.9462736250478303,0.9689674412036495,0.9485405656424436,4.573590278625488
76,1.0347512852061878,0.3404403445734219,0.6943109401247718,0.6032290600917556,0.02488991791059644,1.0347512852061878,0.0,0.0,0.0,0.6894018422773874,0.947516924192946,0.9002680859892984,0.9702927594880324,0.9257858076133917,0.8454641595468859,0.7322978897000474,0.79823526164404,0.8986332702223748,0.4877256336366661,0.32251134085512023,0.3995134912932571,0.6259303769312582,0.7037673496364737,0.5429328982255641,0.6192732697802458,0.8149612325712683,0.7326038579210036,0.5780385734165668,0.8116565672241361,0.6675834058601294,0.6923902501852573,0.5439451755493246,0.6571696474854198,0.7517770713962577,0.6413656137313811,0.05227643420736705,0.051381425886521885,0.00038044063221864366,0.9482381334812595,0.9686539898298151,0.9815093766559254,5.088902473449707
77,1.0231731886213475,0.3343989097259261,0.6887742758474567,0.5989017550918189,0.023930065074223836,1.0231731886213475,0.0,0.0,0.0,0.6711755905421078,0.9426630809680925,0.8915446571478751,0.9519871462466347,0.9335198898794606,0.8201064882354844,0.6950682244273262,0.830017566588895,0.8104293094513222,0.4761832141103918,0.31249374499598703,0.37137197036991604,0.6634176786555653,0.6977030215957764,0.5357480153649058,0.5822673764881519,0.8702272802901444,0.6915577875951481,0.5285352161820728,0.8205107779565042,0.5976327241078853,0.6713876278842001,0.5179613002425729,0.6510419228508668,0.7354267481262292,0.621814674433772,0.057981136026082555,0.056823531556057794,0.000494782555736388,0.9426816858882058,0.9667049751658455,1.0175052962519906,5.3871564865112305
78,1.0255074243653903,0.3329175410961563,0.6925898810679262,0.6036124161698602,0.023397983507576017,1.0255074243653903,0.0,0.0,0.0,0.6966117727613728,0.945857613082568,0.8972768999911722,0.9713403952910393,0.9216777142815891,0.8420980058519992,0.7272619013594721,0.7938692483580941,0.8965657299200197,0.5226212004721181,0.3537489509387365,0.441202685839899,0.6408894436660907,0.6934452186385986,0.5307433171045794,0.6438812091274739,0.7512761638547552,0.7338866529299444,0.5796374034190933,0.6271134843385924,0.884479257325159,0.6980127694731652,0.5478478932054703,0.6265166569160149,0.7933026486915062,0.6499843573468871,0.049795533056863246,0.04845619213296947,0.0005849568393368015,0.9509588510276937,0.9721732751129099,0.952011759985577,4.6366777420043945
79,1.0353997593576258,0.34425589205189183,0.6911438676443967,0.5987342572347685,0.024362680448989107,1.0353997593576258,0.0,0.0,0.0,0.6926933213681312,0.944806094139488,0.8953862308075003,0.9533104806199084,0.9364520995731083,0.8239031683196716,0.7005402498555616,0.8333182336243614,0.8146984743265284,0.4942529567072831,0.3282443481519096,0.3880450091623484,0.6805080638199945,0.7101455247687575,0.550562515698869,0.6197004605437586,0.8315031113772975,0.737279762138555,0.5838821142102062,0.7692419246022503,0.7078677110530486,0.6913953529835668,0.5408073069791366,0.6525764069831796,0.7586443401442173,0.6472260812048652,0.05417759825153632,0.05313347520428975,0.0004322492445592783,0.946434275551151,0.969390667501421,0.9988425021821802,4.961366891860962
80,1.0189922648397358,0.3272778565402735,0.6917144094001163,0.6011366952549327,0.02453575654296649,1.0189922648397358,0.0,0.0,0.0,0.6976657329828972,0.9472726224969377,0.8998270993424242,0.9695903981238354,0.9259591396505878,0.8457353466776554,0.7327048820592031,0.8086162933546619,0.8864262186620793,0.5299394228421721,0.36048815339755685,0.4628570861866114,0.6197621687658524,0.6980709442414833,0.536182014798633,0.5787280355985227,0.8794216498618721,0.7250116211333775,0.5686417485450834,0.7354011984624862,0.7149115172613452,0.699689333723672,0.5495041997001191,0.6464006534005706,0.7751303886377873,0.6510073294056776,0.04915285399986636,0.04824060996670185,0.00040382777264288885,0.9513555622606553,0.9715453522238906,0.9512343433770266,5.160842180252075
81,1.0086142820390789,0.3238620876588605,0.6847521937028929,0.593839830295606,0.023620897250525144,1.0086142820390789,0.0,0.0,0.0,0.6669158524387314,0.9392889243784089,0.8855275917883417,0.9763156742130762,0.9049680322494564,0.8314883726390158,0.7115790319664035,0.7717737538622559,0.9012185519779587,0.4574476655684501,0.29655244451529444,0.33601709300549926,0.7163089017401971,0.6824980309740553,0.5180242967520113,0.5654095597830596,0.8607467305580226,0.7081696620957346,0.5481909205233539,0.7603946816513805,0.6626573832317573,0.669900932819314,0.5185866734392658,0.6083987720755488,0.785232891876984,0.6160384528794133,0.06118492475807874,0.06025259152236063,0.0003810229535993321,0.9393663855240401,0.9632250086528926,0.9920980605212125,4.772626876831055
82,1.0468287000601941,0.354822280224074,0.6920064169574868,0.603662273761901,0.023533678132067012,1.0468287000601941,0.0,0.0,0.0,0.7009718915462877,0.9465826348639013,0.898582713928971,0.9477390356804791,0.9454290526146739,0.8192381104876698,0.6938216060022276,0.835386075601678,0.8037025854285592,0.5077267812651642,0.34023714618132733,0.48081009532625324,0.5378358818412641,0.7224494126562983,0.5654957383397424,0.6633949448836247,0.7930451565671427,0.7414895036530734,0.589180229966609,0.6986396268338508,0.7899390774586138,0.6977259520155514,0.5471836801224766,0.6695576856613517,0.7311306753238949,0.6572218991915121,0.049044439223213956,0.04808556729929232,0.00037828722069566746,0.951536145480012,0.97320966426715,1.0414170209657063,4.815436840057373
83,1.0192825252359563,0.33013658242469485,0.6891459402712908,0.5965727154504169,0.02394091626940115,1.0192825252359563,0.0,0.0,0.0,0.6776674568918342,0.938239639452293,0.8836642187021412,0.9791807265079658,0.900584772898943,0.8320637558959325,0.7124222405943185,0.756253516640158,0.9247664902854922,0.47852944019259624,0.31451771255644356,0.3575637603941882,0.7231875493821351,0.6799363518941322,0.5150784607013146,0.6588276051484794,0.7024425143921765,0.7262479079620161,0.570164251349751,0.6086830282698444,0.9000986364954511,0.6791943639861693,0.5280456663004569,0.5953319776131675,0.8126237976388138,0.6282379000162481,0.05367240009482742,0.05244180607792508,0.0005273974358152916,0.9470307964862597,0.969664076862346,0.9649333493276075,5.301620721817017
84,1.0197462791746312,0.33881664081391966,0.6809296398000284,0.58877193081108,0.02322507297371472,1.0197462791746312,0.0,0.0,0.0,0.6141171787624167,0.9440687608834942,0.8940627248355619,0.9658661097985767,0.9232335300168901,0.8332069571977413,0.7141000388523471,0.8154417424489764,0.8517634773042756,0.47511192590569024,0.3115716713752107,0.3526531662672193,0.7278618427604405,0.5721589819961852,0.4007161685242023,0.6412647391774716,0.516498619014325,0.611035135219692,0.4399212325045668,0.4474661073834429,0.963086742094519,0.6228782500798272,0.46657727781408165,0.5642064388192776,0.7648026702933901,0.5527686810405225,0.08756104782717682,0.0861142374552288,0.0006304560312645627,0.9132553065135066,0.9559249511415501,1.0522734780203213,4.951963424682617
85,1.0262478779662738,0.3354159700260921,0.6908319179307331,0.6001012840054252,0.024241413715406616,1.0262478779662738,0.0,0.0,0.0,0.6884896089349983,0.9425239157961393,0.8912957275111663,0.9716791701434015,0.9150673017738952,0.8347361811586139,0.7163495233110272,0.7718125212206262,0.9088305258011857,0.4764188743631077,0.31269675526070434,0.42948998197926924,0.5348613315096151,0.7054376101884963,0.5449236095073118,0.6569731728180122,0.7616219094206261,0.7398745573857484,0.5871435750482169,0.6340741968224771,0.8880533797504561,0.6891168057739916,0.5402783657818151,0.6230874682100962,0.7733417866204708,0.6405770139791175,0.04621261307520957,0.04509924450577709,0.00048385862440968014,0.9544168968698132,0.9740835881533041,0.9885487312620337,4.983204126358032
86,1.0145199447870255,0.32812321914190595,0.6863967281850901,0.5938426093621687,0.023072858409498374,1.0145199447870255,0.0,0.0,0.0,0.6832038658839668,0.9380703956689157,0.8833640119297851,0.9744708894884918,0.9042913944985281,0.822341868036082,0.6982857297174234,0.7674130492297015,0.8857401378327534,0.47734076862784386,0.3134915277121359,0.3522985544537443,0.7399857912104202,0.6926250799778975,0.5297830556258398,0.5878076400072263,0.8429370070879224,0.7389088680675187,0.585928208800599,0.6883036894603669,0.7975456919059589,0.6828041461773355,0.5318721304639995,0.5989557332877598,0.8165521570092638,0.63629157222442,0.059427186169175736,0.058487379771735716,0.00039562226864949944,0.9411169979596148,0.9658767869611409,0.9774833375757391,5.211969375610352
87,1.0177706879648296,0.33047762665558944,0.6872930594465949,0.596433180638335,0.023564577173932445,1.0177706879648296,0.0,0.0,0.0,0.475620409597721,0.9406968575784292,0.8880336703504844,0.9699171560834762,0.9131856849615221,0.8404548803950028,0.7248142967315551,0.8048412019474057,0.8793662413976823,0.35839882838073345,0.2183227172207795,0.23383748307072671,0.7669293743484362,0.54282245877135,0.3725163498702141,0.46284925642180075,0.6562044524308457,0.2646541517863539,0.15250801565508523,0.8255570078115367,0.15758630693355627,0.5015825798333601,0.3670403448694085,0.5817712373128675,0.61502159377763,0.3886251463128125,0.11739421452606559,0.11367703324228033,0.0017989832805490832,0.8845239834771705,0.9197054786002553,1.137861426581036,5.217332363128662
88,1.0333808768879285,0.3419100650670854,0.6914708058942448,0.6002982042052529,0.024810966227298857,1.0333808768879285,0.0,0.0,0.0,0.6783210417889058,0.9347632212055867,0.8775168486611115,0.984114909873813,0.890124968226218,0.8197553023288676,0.6945638509932855,0.7324763120017751,0.9306476025585582,0.5006010992866214,0.33386785801193214,0.38642444726093517,0.7105457104726274,0.6885286869426571,0.5250047638003896,0.5479950846983559,0.9260024624804191,0.7031473791505156,0.542195287148303,0.8079857789561085,0.6223904844792212,0.6780081169271654,0.5239079399884776,0.6187204057292937,0.7973965649977064,0.630759055126598,0.0577892355986637,0.05674062710174534,0.0004457472093547061,0.9428136256888999,0.964631736347974,0.9683391925963488,4.826395034790039
89,1.0173019685528495,0.3380900638347322,0.6792118999768387,0.5853187252174724,0.022928393592089626,1.0173019685528495,0.0,0.0,0.0,0.6683361428592711,0.9469277289739758,0.8992048836794173,0.9706999614848731,0.924292017005259,0.8455706903715989,0.7324577462813895,0.8015279323069928,0.894735039204964,0.5087890390169606,0.3411918583816978,0.42570038719136793,0.6321782605519761,0.6815350680087628,0.5169155822593335,0.5558654934769387,0.8806262686765538,0.6587035430351945,0.4910946715879369,0.8452219748261148,0.5396228604583383,0.6736495851081292,0.5204149646275894,0.6570789469503536,0.7367906072229581,0.616342550020306,0.05798553378721582,0.05658652429420281,0.0005856414923484306,0.9428278342134487,0.9643573731464871,0.9800557629628615,4.988044261932373
90,1.0103920901363546,0.3255617855624719,0.6848303001712669,0.5937171944163062,0.02239974499306382,1.0103920901363546,0.0,0.0,0.0,0.6303564703459235,0.9447227722384041,0.895236576119723,0.952178700861197,0.9373827020265516,0.8278517613571624,0.7062688268129668,0.8474716224486301,0.8091197857000554,0.4842552181395293,0.31948334834122927,0.4078004679371961,0.5959923245977653,0.6573895177887904,0.48963532349762684,0.5114262616246601,0.9199460916441742,0.5756289065296049,0.40412846706058836,0.820792728132198,0.44323759791120143,0.6362813509537717,0.47987899142810286,0.646872770035671,0.6920739499632991,0.5724245474859749,0.06881523110448445,0.06775144009651914,0.00047032632111462894,0.9317782335823662,0.9601733656820705,1.0571039346131412,5.043384790420532
91,1.025090824473988,0.33689622911201283,0.6881945966319605,0.5949988322840496,0.024217863407102413,1.025090824473988,0.0,0.0,0.0,0.5789856913696236,0.93545024194369,0.8787285280602252,0.9820443710321545,0.8930772515064767,0.8318102204075305,0.7120505888158969,0.7543165560725213,0.9270493483944832,0.4513788791416403,0.291471472952308,0.31677403104097934,0.7849028291425735,0.6352073146453068,0.46542403213439265,0.500003822177026,0.8706299291204661,0.44678820923494433,0.28765440224663286,0.8403140522350842,0.3042877864809803,0.5912961558573555,0.4391501240373076,0.6028521153814027,0.7217174732846258,0.5111248010072971,0.07807690767502708,0.07709164381264207,0.0004044141406972655,0.9225039420466606,0.9492196400803881,1.0240890979766846,5.100402593612671
92,1.0308221422813155,0.3391609637236053,0.6916611790657043,0.6014373715628277,0.024421201973878356,1.0308221422813155,0.0,0.0,0.0,0.6615087369761832,0.9453857492117911,0.8964280053158951,0.9704674316506904,0.9215678734200217,0.8307965336299651,0.7105662594460962,0.8051242802790101,0.8581598842373133,0.46480767082798924,0.30276836458574424,0.34354252329770774,0.7183871031995858,0.6855747638477431,0.5215776028879662,0.5507774562914184,0.907733519683175,0.6811885709680332,0.5165170364561056,0.8085099599052388,0.5885117493472243,0.6655918848184326,0.512857315843978,0.6269885549433437,0.7681980641168246,0.6105236685479218,0.07576662927095734,0.07506158300048671,0.00029318346379101517,0.9246452335357223,0.9551697040190037,0.9936225305904042,4.595638275146484
93,1.0284712104634806,0.3399334361099384,0.6885377740995451,0.5969472883099859,0.02472753591725698,1.0284712104634806,0.0,0.0,0.0,0.7164121767821982,0.9504470570339368,0.9055732380187984,0.9686370964040384,0.9329276063014813,0.8498628340254158,0.7389230251552418,0.8160847259654093,0.886557856139318,0.5225140181622379,0.35365074497174714,0.43998401148264243,0.6431535545212074,0.7253932154458923,0.5691113716295294,0.6583006975558245,0.8077135536254764,0.7716203624682547,0.6281611473295963,0.7451751849669656,0.8000116042935421,0.7173476075254501,0.5724615722715287,0.6648861549927104,0.7843591421448859,0.6731758653587949,0.046508952494010276,0.04534101841184307,0.0004930999354760186,0.9541658816526809,0.9730237530928618,0.9442745325240222,4.883615732192993
94,1.0145891098813578,0.3285259465602311,0.6860631643371149,0.5960833504796028,0.023893005755698225,1.0145891098813578,0.0,0.0,0.0,0.7056658574816175,0.9474112503850131,0.9000773100905314,0.9685165255610915,0.9272061830255487,0.8437587377529385,0.7297428013537259,0.8172907308150575,0.8719984575415264,0.510294365732603,0.34254711400319976,0.41101124324673444,0.6728193823823841,0.7156948926226673,0.5572623580732938,0.6148357031903307,0.856137898905166,0.7565881727189004,0.6084775422904656,0.704439041959266,0.8170757180156183,0.7065840422067773,0.5595074539301712,0.6368941798028471,0.8045078642111738,0.6608591436913902,0.049954702557909465,0.048808306392398366,0.000505481115508894,0.9506862124920927,0.9717515860475022,0.953355916521766,4.929630517959595
95,0.9995121027935635,0.3151037571951747,0.6844083409417759,0.5924940143119205,0.023235227228062948,0.9995121027935635,0.0,0.0,0.0,0.686052806446466,0.9447037977993684,0.8952024993829768,0.9735970710243552,0.9174760193942414,0.8423601847773817,0.7276530866514754,0.8075885637731863,0.8802607890125238,0.4556005572769473,0.2950017622860845,0.3193401298288873,0.7946896309034004,0.7079271753569018,0.5479003674212004,0.6436166881336095,0.7865162556986194,0.7505957317265001,0.6007629001970013,0.6852377164652225,0.8297360023208106,0.6891209122844327,0.5428295291389404,0.6139457745502265,0.8228006694838386,0.6380411547867831,0.06117564534345896,0.06038139533742953,0.0003127129462750983,0.9393058917162954,0.9649183988906631,0.9557020650668577,5.085983514785767
96,0.9954804717139765,0.3175840215249495,0.6778964471410621,0.5855312902819026,0.02265362353732185,0.9954804717139765,0.0,0.0,0.0,0.7038244695527118,0.9423301535564719,0.8909492472770287,0.9752783997418849,0.911535365487008,0.8289908267542219,0.707928550599175,0.7628971779633658,0.9076227886494195,0.5039030412056403,0.3368117542406571,0.38500296280192053,0.7290569745901209,0.7185432480840118,0.5607237599003413,0.6624802709548953,0.7849722139030053,0.7586507487501368,0.6111501239367428,0.7548508277137205,0.7624891209747163,0.7025219661985027,0.554153547169229,0.6413078098584755,0.7960352745293156,0.6603656793465963,0.053306277552989875,0.052612553481333216,0.0002875624371972573,0.9470998840814695,0.9684847208520316,0.9599133106795225,5.250570297241211
97,1.0161130170930515,0.3308498840779066,0.6852631372484294,0.5948225923559882,0.022067872309311166,1.0161130170930515,0.0,0.0,0.0,0.6990895326752702,0.9504158575264563,0.9055165937307528,0.9614496855872058,0.9396324097754297,0.8303745345453388,0.7099490897477616,0.8296358858950501,0.8311144996479024,0.4838160208290964,0.31910112986002004,0.3548561100897981,0.7600175286001182,0.7175757410821685,0.5595462937418946,0.7339238867974165,0.7019400352733453,0.7649232807613562,0.6193326040773313,0.6947754440659006,0.8508268059181403,0.6991723943044901,0.5519822793567518,0.6532978317120414,0.7859747173598766,0.6554383475575404,0.07016952015085223,0.06930406592026418,0.0003339221622724539,0.9303620119174634,0.9607480584939899,0.9695537726987492,4.842245578765869
98,0.9856200218200684,0.3100028129463846,0.6756172149696134,0.5843531702729788,0.02083493219900199,0.9856200218200684,0.0,0.0,0.0,0.6649947837937598,0.9445742233958747,0.8949698257655601,0.9718947995042022,0.9187476472741526,0.8403040798261457,0.7245900112334386,0.7952527038905582,0.890766340541745,0.5037741096325195,0.336696559574163,0.40024637284422193,0.6795453187349741,0.6776194209906556,0.5124239056038551,0.5454263194635992,0.8943895377857344,0.6572177708973781,0.4894447935437715,0.8234343328439905,0.54683492892367,0.6697288453366748,0.515788817488807,0.6410899322605924,0.7528840314965309,0.6128704338401844,0.06041570784549129,0.0595803766681432,0.0003574115180283058,0.9400622118138285,0.963538698886468,0.999823047356172,4.885236740112305
99,1.0005654475905679,0.3239383083683523,0.6766271425241773,0.5843232053924691,0.02133577650899745,1.0005654475905679,0.0,0.0,0.0,0.5449398899229442,0.9442378559638083,0.8943660854839666,0.9675299640209265,0.9220408432079206,0.8456010866719139,0.732503363359967,0.8176505670328027,0.875530158929005,0.5149464264955496,0.3467527607642946,0.4493670886075727,0.6029373684524634,0.5930465692314699,0.42151115755659796,0.4321278674454142,0.9449236298292587,0.29837269536989947,0.17534550283603945,0.8531884018287509,0.1808006962576048,0.5629916944422082,0.4190281961292247,0.6380834812286351,0.651047963367083,0.468788563698973,0.08325590629342863,0.08198530871550526,0.0005650815543922343,0.9174496097301025,0.94769243370898,1.065928872336041,5.121826648712158
100,1.0141467221758582,0.3218529693443667,0.6922937540168111,0.603366825052283,0.02335131912315608,1.0141467221758582,0.0,0.0,0.0,0.7031417602457133,0.9451172411432894,0.895945291747506,0.973047544461219,0.9187456173608998,0.8406052336758205,0.7250379750642916,0.7912966666522651,0.8964673688310792,0.5161112753442819,0.3478099582325666,0.4188018280703758,0.6723280504079601,0.7143999278828641,0.5556937521840559,0.642557693790241,0.8043293068450034,0.7434128683720269,0.5916126702721342,0.6517377487727725,0.8651000870321517,0.7036323263187484,0.5550385889382621,0.6260984843214136,0.8095562032790485,0.6579746905330577,0.048592513339193594,0.04763032185284737,0.00042190601572439623,0.9519477721314282,0.9726724803025415,0.9479803896763108,4.9202353954315186
101,0.9859413687478412,0.3065406724133275,0.6794007014144551,0.5896873260763559,0.021554919493527534,0.9859413687478412,0.0,0.0,0.0,0.7065675164535404,0.9479502537101704,0.9010507887609142,0.9667742529685496,0.9298452958000859,0.8400588408860653,0.7242253921981493,0.8194679714375028,0.8617111599708496,0.4990896247825937,0.3325246017506547,0.40515039228267513,0.6497400588270014,0.7160992577956129,0.5577528186221855,0.6104813205581636,0.8659079564739653,0.7722028233236647,0.628933538855358,0.7380624960331341,0.8096547722656913,0.7068626366969842,0.5608590878565869,0.643290545077869,0.7967534868843769,0.6624639019672904,0.052980146342220626,0.05208318037784167,0.0003905871435158129,0.9475262324786425,0.9703038426407096,0.9477006393400106,4.9788994789123535
102,0.9966735176064752,0.3146152587776834,0.6820582601834427,0.5927002118392424,0.02081782543874314,0.9966735176064752,0.0,0.0,0.0,0.7103827206002148,0.9487649387136105,0.9025240630317382,0.967704142573922,0.93055283334164,0.8468408932175435,0.73436604561915,0.8141181219727026,0.882304350740958,0.5314572269371387,0.3618942782502049,0.46508430674202555,0.6199281592977525,0.7197906242362997,0.5622444561514897,0.6102747289635536,0.8772087451332442,0.7470260838171802,0.596202422228383,0.7757560609847053,0.720348128807617,0.7112787070520405,0.563676800562307,0.6663083046657468,0.7749473459948929,0.6660913116635395,0.04554860663068762,0.04444055115097695,0.0004946526915085736,0.9550647961575145,0.9734432148647896,0.9467757737094705,5.0872838497161865
103,1.018019935624166,0.33721784654666076,0.6808020882308483,0.5905345282094046,0.022871543372854252,1.018019935624166,0.0,0.0,0.0,0.714772092617002,0.9467734134768073,0.8989266180625027,0.9727767567711604,0.9221240696512848,0.8437541926193367,0.7297360018374996,0.7939780305155674,0.9001889413753185,0.5383655214906267,0.36833115899104335,0.4486311829146642,0.6729720936717323,0.7314715216796145,0.576629956820623,0.6585445777996654,0.8225616452031272,0.7449204508654625,0.5935244912397273,0.6773335612989922,0.8274905715114111,0.7146279216637601,0.5670554022222234,0.6446218381322223,0.8058033129403973,0.6715858313452344,0.044710850474522924,0.04353248981905417,0.0005348354663178752,0.955932674714628,0.9743221731073342,0.9349217049100182,4.5257227420806885
104,0.9954859614372253,0.3181465609337796,0.6773394027894194,0.5870452611283823,0.021797535867087638,0.9954859614372253,0.0,0.0,0.0,0.6857686666288471,0.9475958573714491,0.9004106112739867,0.9707179428223212,0.9255496610383177,0.8387228419800584,0.722241745812119,0.8140656463769361,0.8649203740070259,0.5017944425200972,0.3349303037990021,0.3934300704971619,0.6925456971933861,0.6959344678711402,0.5336652574008621,0.617721035700542,0.7968253968253702,0.7165406577385514,0.5582885519973001,0.5997919127597922,0.8897243980272184,0.6882481025274618,0.5372814647523207,0.606252166333608,0.8110039665132502,0.638089856043263,0.06478949850561444,0.06337013188040451,0.0006249511756893992,0.9360049169439061,0.9644032224465069,0.9506256146864458,5.266123533248901
105,0.9940114651213993,0.3154499839822,0.6785614832558415,0.5888873843306844,0.021298878550706748,0.9940114651213993,0.0,0.0,0.0,0.690278692509916,0.9453086890098031,0.8962894442756908,0.9578871639960075,0.9330562802471162,0.8254797137837525,0.7028228660426635,0.8368501110018789,0.8144141569500388,0.47151709138658804,0.30848698976577527,0.3411953000424522,0.762919043097731,0.7193274423103204,0.5616794378790938,0.6162985898236362,0.863718345479323,0.7435374360564023,0.5917704652677416,0.7983621837549402,0.6957586306933161,0.6899654208842658,0.5411899397388186,0.6481765461557268,0.7842025440551021,0.6447939899177703,0.06321736774556576,0.0624705845575657,0.00030696262436979315,0.9372224528180645,0.9641267229397412,0.972696643661369,4.735772609710693
106,0.9931174015456979,0.3194272557104176,0.6736901432953097,0.581081305376508,0.022064236438878157,0.9931174015456979,0.0,0.0,0.0,0.6818655688012594,0.9472036580731561,0.8997026493648047,0.9690228869511373,0.9263453870334094,0.843610298600982,0.7295207641337254,0.8088136582518569,0.8815355682995379,0.5040471012012148,0.33694048897258244,0.41765611977289846,0.635498071189977,0.707459773045669,0.5473406229782786,0.6015278244004186,0.8586769159095917,0.6858299054514009,0.5218730119459726,0.6862701810850764,0.6853901943718778,0.6852367695748167,0.5339187220076397,0.6285669458775627,0.7652751874427461,0.6324455932327616,0.055023885635096706,0.05412302744914061,0.00039552914812753757,0.9454814434027319,0.968271819891574,0.9623474424535577,4.927347898483276
107,1.002932962368835,0.3215914229777726,0.6813415407457135,0.5899117328226566,0.021501625874489862,1.002932962368835,0.0,0.0,0.0,0.6987768943695188,0.9409930036483907,0.888561649630466,0.9773447878518756,0.9072484142430433,0.8333886664524769,0.7143670239498218,0.7663274263973409,0.9133125616897705,0.49572812775795994,0.32954689701077944,0.38175062583832275,0.7067345678602023,0.7103402108098946,0.5507965874131672,0.6016948956800577,0.8668663272436569,0.754904351430743,0.6063022967739111,0.7951979759320347,0.718497243980231,0.6985903391127686,0.5502532012869199,0.6362427309619391,0.8013526751934651,0.6536575633328658,0.05023265677018704,0.04936991982996826,0.0003604144039979391,0.9502696657660338,0.970052546359688,0.9521127668294039,5.231881856918335
108,0.9968860718336973,0.31486668750982394,0.6820193888111548,0.5907549854706634,0.023538648389810325,0.9968860718336973,0.0,0.0,0.0,0.6755203446837321,0.9441939828788282,0.8942873667772117,0.9635910788926868,0.9255624043826268,0.8358100649990178,0.7179327357767552,0.8068764415876832,0.8668959148829094,0.501495935256272,0.3346643810018875,0.4629775325098365,0.5470051988234228,0.6736859675085256,0.5079385055159297,0.6100562217777576,0.7521347043359371,0.7001385492523348,0.5386255195502745,0.5710915491667647,0.9045314766463066,0.6777826292540375,0.5247902854612118,0.6127504362605105,0.7676418236721441,0.6251068173390442,0.052626978698704883,0.05036548752318771,0.0009966684373902137,0.9486378440394221,0.9712146550409433,0.9889105693860487,4.6785759925842285
109,0.9898071614178744,0.3066272987899455,0.683179861781272,0.5938846414739435,0.022058962774529144,0.9898071614178744,0.0,0.0,0.0,0.7090133305299554,0.9464519578274109,0.8983472228524783,0.9721931791224989,0.9220387005217093,0.8412581275129216,0.7260099487966877,0.7928890705926188,0.8959119467616892,0.5058231982465814,0.3385296824666245,0.4084102840440391,0.6642609105576176,0.7253714693163941,0.5690846013994088,0.6385375063906739,0.8395394496023147,0.7644480491466414,0.6187097585161515,0.7579215713112077,0.771087902523889,0.7092252110556347,0.5630834977947181,0.6494396080846349,0.7927000523613776,0.6652142389032056,0.048903686600148204,0.0475301353124747,0.000593068374659746,0.9518767963128656,0.9711722387134156,0.9589015367356214,5.167823553085327
110,1.0078685662963174,0.3229071492837234,0.6849614158272743,0.5946976156397299,0.02193515821934191,1.0078685662963174,0.0,0.0,0.0,0.6631025720193934,0.9442363440042449,0.8943633725615211,0.9719228444411747,0.9180835273216165,0.8381942460842202,0.7214581639479312,0.8065945322772249,0.872370859475276,0.48162698151330186,0.31719938094877387,0.354136202867023,0.7525479546646159,0.682784848740769,0.5183548398209968,0.5495751800436985,0.9012312402249208,0.6691617837377113,0.502812269410987,0.7611477689666852,0.5970118944008936,0.6679419650190006,0.5149561635321722,0.617863421038658,0.7807904871914266,0.6111912046639273,0.06714373774304698,0.06623781809478889,0.0003943608455195221,0.9333678210596916,0.9600525971533678,0.9824611327864907,5.304675579071045
111,1.0038540769707074,0.3206050533123992,0.6832490241663023,0.5926037408750165,0.02390451573889798,1.0038540769707074,0.0,0.0,0.0,0.6886978452793843,0.9430807900779692,0.8922922217938879,0.9361228260015708,0.9501429622794743,0.7974199486435006,0.6630909499488356,0.8595717193108635,0.7436499597991831,0.4762334108965146,0.3125369819118482,0.49845378785675404,0.45590959491667565,0.713686492167221,0.5548309085004186,0.5896009463551091,0.9039233303383946,0.7431217475670848,0.5912440175718199,0.7532423411609993,0.7332695097185533,0.6826153998185802,0.5304257144832305,0.6752171986709314,0.7091880986932018,0.6443472168769401,0.051323195937393644,0.04990114987361715,0.0006386062323379489,0.9494602438940449,0.9730489520764617,1.0219399292360654,4.488712549209595
112,0.9989138800989498,0.3203971726311879,0.6785167032344774,0.5864057059992444,0.02355223835481659,0.9989138800989498,0.0,0.0,0.0,0.6959131760218571,0.9454507222569449,0.896544848316996,0.9748551348054265,0.9177682141296839,0.8422364779411449,0.7274684872117864,0.7775358084066424,0.9186822941720765,0.5189315150773467,0.35037644805766505,0.44644283998639017,0.6195231423999163,0.7001862870991548,0.5386820281627291,0.6920156910666645,0.7085521280489598,0.7280069062162795,0.5723355808880389,0.6099391981684728,0.9027560197272466,0.6973402965834814,0.5472156360800549,0.6314833844070424,0.7873783960870498,0.6490415694642603,0.048557009421867685,0.047538715125862316,0.00044850532142203046,0.9520127795527157,0.9728614536825655,0.9558088413693688,5.176909685134888
113,0.9957303032279015,0.3209594084288586,0.6747708977623419,0.581377025693655,0.022900794655387555,0.9957303032279015,0.0,0.0,0.0,0.7116360603752492,0.9475400412305734,0.9003098249347852,0.9687889504777915,0.927203250928628,0.8360736680301347,0.7183218087480999,0.7916223694447314,0.8858140309891216,0.5259260527998388,0.35678403637672085,0.4612930848852758,0.611621993081474,0.7293985355949256,0.5740576852998097,0.6422089201521135,0.8439818974409888,0.7514378845676676,0.6018426118170913,0.7650082360437673,0.7383405860167833,0.7107090352481417,0.5627515355604304,0.665033152631472,0.7699396268820919,0.6689208243208107,0.0501398370247144,0.04901123275558453,0.00050164815356012,0.9504871190908554,0.9707085520832032,0.9555137970230796,5.277117013931274
114,0.9982511692426421,0.32072426564991474,0.6775268986821175,0.5854201203381474,0.022216293005509546,0.9982511692426421,0.0,0.0,0.0,0.7032284100127311,0.9468731191641125,0.8991064005626378,0.9683857268838796,0.9262955413857576,0.8472030372420434,0.7349108859683245,0.8213362494773419,0.8747520786732074,0.49501996007982796,0.3289212793188174,0.3965082397707175,0.658663709821948,0.705614252593568,0.5451344423464267,0.5982990488010309,0.8598416026088695,0.7716909064599498,0.6282546555410551,0.72877099437396,0.8199825935595694,0.7048820390938473,0.5593053157936558,0.6362286331057625,0.8033099961658986,0.6574417063777819,0.047541469503016284,0.04633753972280434,0.0004964959723796498,0.953165964304816,0.9729877445790777,0.9394720467654142,4.807366371154785
115,0.9772333197972991,0.3032155969942158,0.6740177216177637,0.5841146666895259,0.020433269389534624,0.9772333197972991,0.0,0.0,0.0,0.6781347041546488,0.9434004811374093,0.8928647650274932,0.9792374993508256,0.9100939015316137,0.8402422917722102,0.7244981307830006,0.7667602462814085,0.9293013769084331,0.5129259741614092,0.34492295961672786,0.4294215630960824,0.6367463199898654,0.6938600831507227,0.531229521584854,0.5652236727771319,0.8982995574190243,0.6784882953368719,0.5134183018907337,0.845537044092615,0.5665564258775418,0.6813791611053035,0.5285172284688291,0.6517356315618095,0.7577259200487162,0.6284247842163345,0.05402040905453967,0.052945025207814723,0.0004791948884810123,0.9465757799037042,0.9666608529325708,0.9798462973399595,5.021119117736816
116,1.0005587948994203,0.3261349641463973,0.6744238307530229,0.5824767938730392,0.021423939284762706,1.0005587948994203,0.0,0.0,0.0,0.6852945613293786,0.947876623000273,0.9009177475965532,0.9699470459095559,0.9267882464413919,0.8454712249462092,0.7323084908878238,0.8035773329771131,0.8919735883348598,0.5297065566390545,0.36027267824047265,0.48068390866786703,0.5898639541600155,0.6643691406858214,0.4974197294505178,0.6243860316716733,0.7098233003893145,0.714628264597165,0.55597010959106,0.5881413680268752,0.9104264577893292,0.6885437967170625,0.5364927520424686,0.6241971603358822,0.7755218251683798,0.6362346539740136,0.05513965964012371,0.053253515585975214,0.0008551901502655732,0.9458912942637592,0.9699062992985171,0.9628989967432889,5.299068450927734
117,0.9891056296500292,0.3109332334927537,0.6781723939559676,0.5883168122646484,0.02128623126075333,0.9891056296500292,0.0,0.0,0.0,0.6958667435292559,0.9463812062450159,0.8982197468898739,0.9663973123021736,0.9271774259211342,0.8353660111254113,0.7172777190992373,0.8096974412298521,0.8627153239236147,0.5014816282925624,0.3346516384187973,0.3942642794434392,0.6887943111724449,0.708893665100701,0.549059086721925,0.6169486011710973,0.8330438254966279,0.7406507174322372,0.588121760725571,0.723645824683732,0.7584740353930514,0.696598005487728,0.5472775512413827,0.6361390366320301,0.7857568739964347,0.6503420036085003,0.05688494372528177,0.05544400519594622,0.0005535287034871048,0.9440024661005667,0.9668213971783732,0.9734435054388914,3.9364962577819824
118,1.004649855196476,0.32661408033560624,0.6780357716435735,0.5862315927039493,0.02320161314227417,1.004649855196476,0.0,0.0,0.0,0.6842014291041923,0.9458752447575196,0.8973086345362793,0.9476168215836384,0.9441400576991555,0.8217576005538623,0.6974435828655886,0.8485287908719834,0.7966240125354073,0.49275598299521456,0.32692515441157666,0.527710806835545,0.4621441992948415,0.6906637900607879,0.5274915524507284,0.5511780411074548,0.9246680642906749,0.7273821679335196,0.5715637087627434,0.7960832195134862,0.6695967507977563,0.683139885385846,0.5308559996226593,0.6808752145821173,0.71325825672967,0.6369339803298407,0.05234045545592095,0.05077432950799963,0.000669187651559661,0.9485564828404407,0.9709907529053406,1.014926540580663,4.091850280761719
119,0.9941370358521288,0.3193215423009612,0.6748154921965166,0.5843014226041057,0.02128055282248004,0.9941370358521288,0.0,0.0,0.0,0.7054182632733409,0.9477785713997933,0.9007406099499836,0.9678386309287026,0.9285331824280775,0.8454103403512709,0.7322171416366899,0.808530833206775,0.8858150097064245,0.5297338974338522,0.3602979736180236,0.5258011132841539,0.5337259562714188,0.6992142355523755,0.5375322014300297,0.5980579952797698,0.8415560214302072,0.7512881073201716,0.6016504781642237,0.68028910628323,0.8388337684942941,0.7064116451644176,0.5579244487122417,0.6531697620134822,0.7749826889755862,0.6600787467687997,0.04495234100052771,0.04326851364004618,0.0007483212909733066,0.9559831650689805,0.9744752166273587,0.9522591612555764,5.2173912525177
120,1.0128368918191304,0.3292414109137925,0.6835954842919653,0.5912504785440185,0.021728642383591665,1.0128368918191304,0.0,0.0,0.0,0.6856477066822579,0.9476858706536718,0.9005731693846507,0.9685327615520732,0.9277174956193335,0.8473077476140013,0.7350684849838532,0.8161746703349481,0.8809101679429913,0.49039902814651054,0.3248534131137967,0.38851525723664576,0.6647124048043858,0.7097316000769722,0.5500650873254835,0.5958492552929318,0.8774316994442488,0.7099300498992344,0.5503035318695569,0.8085772119611765,0.6327357122134822,0.6893421064341797,0.5400726293231726,0.6522790987064255,0.763947496101277,0.6366868927075724,0.05334691287079284,0.05239470614733826,0.00041005313605221345,0.9471952407166095,0.9683293912746062,0.9601509273052216,4.772337198257446
